999
dxfrw 0.6.3
  0
SECTION
  2
HEADER
  9
$ACADVER
  1
AC1021
  9
$DWGCODEPAGE
  3
ANSI_1252
  9
$INSBASE
 10
0
 20
0
 30
0
  9
$EXTMIN
 10
-145
 20
-106
 30
0
  9
$EXTMAX
 10
160
 20
120
 30
0
  9
$LIMMIN
 10
0
 20
0
  9
$LIMMAX
 10
420
 20
297
  9
$ORTHOMODE
 70
    0
  9
$REGENMODE
 70
    1
  9
$FILLMODE
 70
    1
  9
$QTEXTMODE
 70
    0
  9
$MIRRTEXT
 70
    0
  9
$LTSCALE
 40
1
  9
$ATTMODE
 70
    0
  9
$TEXTSIZE
 40
2.5
  9
$TRACEWID
 40
15.68
  9
$TEXTSTYLE
  7
STANDARD
  9
$CLAYER
  8
100
  9
$CELTYPE
  6
BYLAYER
  9
$CECOLOR
 62
  256
  9
$CELTSCALE
 40
1
  9
$DISPSILH
 70
    0
  9
$DIMSCALE
 40
2.5
  9
$DIMASZ
 40
2.5
  9
$DIMEXO
 40
0.625
  9
$DIMDLI
 40
3.75
  9
$DIMRND
 40
0
  9
$DIMDLE
 40
0
  9
$DIMEXE
 40
1.25
  9
$DIMTP
 40
0
  9
$DIMTM
 40
0
  9
$DIMTXT
 40
2.5
  9
$DIMCEN
 40
2.5
  9
$DIMTSZ
 40
0
  9
$DIMTOL
 70
    0
  9
$DIMLIM
 70
    0
  9
$DIMTIH
 70
    0
  9
$DIMTOH
 70
    0
  9
$DIMSE1
 70
    0
  9
$DIMSE2
 70
    0
  9
$DIMTAD
 70
    1
  9
$DIMZIN
 70
    8
  9
$DIMBLK
  1

  9
$DIMASO
 70
    1
  9
$DIMSHO
 70
    1
  9
$DIMPOST
  1

  9
$DIMAPOST
  1

  9
$DIMALT
 70
    0
  9
$DIMALTD
 70
    3
  9
$DIMALTF
 40
0.03937
  9
$DIMLFAC
 40
1
  9
$DIMTOFL
 70
    1
  9
$DIMTVP
 40
0
  9
$DIMTIX
 70
    0
  9
$DIMSOXD
 70
    0
  9
$DIMSAH
 70
    0
  9
$DIMBLK1
  1

  9
$DIMBLK2
  1

  9
$DIMSTYLE
  2
STANDARD
  9
$DIMCLRD
 70
    0
  9
$DIMCLRE
 70
    0
  9
$DIMCLRT
 70
    0
  9
$DIMTFAC
 40
1
  9
$DIMGAP
 40
0.625
  9
$DIMJUST
 70
    0
  9
$DIMSD1
 70
    0
  9
$DIMSD2
 70
    0
  9
$DIMTOLJ
 70
    0
  9
$DIMTZIN
 70
    8
  9
$DIMALTZ
 70
    0
  9
$DIMALTTZ
 70
    0
  9
$DIMUPT
 70
    0
  9
$DIMDEC
 70
    2
  9
$DIMTDEC
 70
    2
  9
$DIMALTU
 70
    2
  9
$DIMALTTD
 70
    3
  9
$DIMTXSTY
  7
STANDARD
  9
$DIMAUNIT
 70
    0
  9
$DIMADEC
 70
    0
  9
$DIMALTRND
 40
0
  9
$DIMAZIN
 70
    0
  9
$DIMDSEP
 70
   44
  9
$DIMATFIT
 70
    3
  9
$DIMFRAC
 70
    0
  9
$DIMLDRBLK
  1
STANDARD
  9
$DIMLUNIT
 70
    2
  9
$DIMLWD
 70
   -2
  9
$DIMLWE
 70
   -2
  9
$DIMTMOVE
 70
    0
  9
$DIMFXL
 40
1
  9
$DIMFXLON
 70
    0
  9
$DIMJOGANG
 40
0.7854
  9
$DIMTFILL
 70
    0
  9
$DIMTFILLCLR
 70
    0
  9
$DIMARCSYM
 70
    0
  9
$DIMLTYPE
  6

  9
$DIMLTEX1
  6

  9
$DIMLTEX2
  6

  9
$LUNITS
 70
    2
  9
$LUPREC
 70
    4
  9
$SKETCHINC
 40
1
  9
$FILLETRAD
 40
0
  9
$AUNITS
 70
    0
  9
$AUPREC
 70
    2
  9
$MENU
  1
.
  9
$ELEVATION
 40
0
  9
$PELEVATION
 40
0
  9
$THICKNESS
 40
0
  9
$LIMCHECK
 70
    0
  9
$CHAMFERA
 40
0
  9
$CHAMFERB
 40
0
  9
$CHAMFERC
 40
0
  9
$CHAMFERD
 40
0
  9
$SKPOLY
 70
    0
  9
$USRTIMER
 70
    1
  9
$ANGBASE
 50
0
  9
$ANGDIR
 70
    0
  9
$PDMODE
 70
   34
  9
$PDSIZE
 40
0
  9
$PLINEWID
 40
0
  9
$SPLFRAME
 70
    0
  9
$SPLINETYPE
 70
    2
  9
$SPLINESEGS
 70
    8
  9
$HANDSEED
  5
20000
  9
$SURFTAB1
 70
    6
  9
$SURFTAB2
 70
    6
  9
$SURFTYPE
 70
    6
  9
$SURFU
 70
    6
  9
$SURFV
 70
    6
  9
$UCSBASE
  2

  9
$UCSNAME
  2

  9
$UCSORG
 10
0
 20
0
 30
0
  9
$UCSXDIR
 10
1
 20
0
 30
0
  9
$UCSYDIR
 10
0
 20
1
 30
0
  9
$UCSORTHOREF
  2

  9
$UCSORTHOVIEW
 70
    0
  9
$UCSORGTOP
 10
0
 20
0
 30
0
  9
$UCSORGBOTTOM
 10
0
 20
0
 30
0
  9
$UCSORGLEFT
 10
0
 20
0
 30
0
  9
$UCSORGRIGHT
 10
0
 20
0
 30
0
  9
$UCSORGFRONT
 10
0
 20
0
 30
0
  9
$UCSORGBACK
 10
0
 20
0
 30
0
  9
$PUCSBASE
  2

  9
$PUCSNAME
  2

  9
$PUCSORG
 10
0
 20
0
 30
0
  9
$PUCSXDIR
 10
1
 20
0
 30
0
  9
$PUCSYDIR
 10
0
 20
1
 30
0
  9
$PUCSORTHOREF
  2

  9
$PUCSORTHOVIEW
 70
    0
  9
$PUCSORGTOP
 10
0
 20
0
 30
0
  9
$PUCSORGBOTTOM
 10
0
 20
0
 30
0
  9
$PUCSORGLEFT
 10
0
 20
0
 30
0
  9
$PUCSORGRIGHT
 10
0
 20
0
 30
0
  9
$PUCSORGFRONT
 10
0
 20
0
 30
0
  9
$PUCSORGBACK
 10
0
 20
0
 30
0
  9
$USERI1
 70
    0
  9
$USERI2
 70
    0
  9
$USERI3
 70
    0
  9
$USERI4
 70
    0
  9
$USERI5
 70
    0
  9
$USERR1
 40
0
  9
$USERR2
 40
0
  9
$USERR3
 40
0
  9
$USERR4
 40
0
  9
$USERR5
 40
0
  9
$WORLDVIEW
 70
    1
  9
$SHADEDGE
 70
    3
  9
$SHADEDIF
 70
   70
  9
$TILEMODE
 70
    1
  9
$MAXACTVP
 70
   64
  9
$PINSBASE
 10
0
 20
0
 30
0
  9
$PLIMCHECK
 70
    0
  9
$PEXTMIN
 10
0
 20
0
 30
0
  9
$PEXTMAX
 10
0
 20
0
 30
0
  9
$GRIDMODE
 70
    1
  9
$SNAPSTYLE
 70
    0
  9
$PLIMMIN
 10
0
 20
0
  9
$PLIMMAX
 10
279.4
 20
215.9
  9
$UNITMODE
 70
    0
  9
$VISRETAIN
 70
    1
  9
$PLINEGEN
 70
    0
  9
$PSLTSCALE
 70
    1
  9
$TREEDEPTH
 70
 3020
  9
$CMLSTYLE
  2
Standard
  9
$CMLJUST
 70
    0
  9
$CMLSCALE
 40
20
  9
$PROXYGRAPHICS
 70
    1
  9
$MEASUREMENT
 70
    1
  9
$CELWEIGHT
370
   -1
  9
$ENDCAPS
280
    0
  9
$JOINSTYLE
280
    0
  9
$LWDISPLAY
290
    0
  9
$INSUNITS
 70
    4
  9
$HYPERLINKBASE
  1

  9
$STYLESHEET
  1

  9
$XEDIT
290
    1
  9
$CEPSNTYPE
380
    0
  9
$PSTYLEMODE
290
    1
  9
$EXTNAMES
290
    1
  9
$PSVPSCALE
 40
1
  9
$OLESTARTUP
290
    0
  9
$SORTENTS
280
  127
  9
$INDEXCTL
280
    0
  9
$HIDETEXT
280
    1
  9
$XCLIPFRAME
290
    0
  9
$HALOGAP
280
    0
  9
$OBSCOLOR
 70
  257
  9
$OBSLTYPE
280
    0
  9
$INTERSECTIONDISPLAY
280
    0
  9
$INTERSECTIONCOLOR
 70
  257
  9
$DIMASSOC
280
    1
  9
$PROJECTNAME
  1

  9
$CAMERADISPLAY
290
    0
  9
$LENSLENGTH
 40
50
  9
$CAMERAHEIGHT
 40
0
  9
$STEPSPERSEC
 40
2
  9
$STEPSIZE
 40
50
  9
$3DDWFPREC
 40
2
  9
$PSOLWIDTH
 40
5
  9
$PSOLHEIGHT
 40
80
  9
$LOFTANG1
 40
1.570796326794897
  9
$LOFTANG2
 40
1.570796326794897
  9
$LOFTMAG1
 40
0
  9
$LOFTMAG2
 40
0
  9
$LOFTPARAM
 70
    7
  9
$LOFTNORMALS
280
    1
  9
$LATITUDE
 40
1
  9
$LONGITUDE
 40
1
  9
$NORTHDIRECTION
 40
0
  9
$TIMEZONE
 70
-8000
  9
$LIGHTGLYPHDISPLAY
280
    1
  9
$TILEMODELIGHTSYNCH
280
    1
  9
$SOLIDHIST
280
    1
  9
$SHOWHIST
280
    1
  9
$DWFFRAME
280
    2
  9
$DGNFRAME
280
    0
  9
$REALWORLDSCALE
290
    1
  9
$INTERFERECOLOR
 62
    1
  9
$CSHADOW
280
    0
  9
$SHADOWPLANELOCATION
 40
0
  0
ENDSEC
  0
SECTION
  2
CLASSES
  0
ENDSEC
  0
SECTION
  2
TABLES
  0
TABLE
  2
VPORT
  5
8
330
0
100
AcDbSymbolTable
 70
    1
  0
VPORT
  5
31
330
2
100
AcDbSymbolTableRecord
100
AcDbViewportTableRecord
  2
*ACTIVE
 70
    0
 10
0
 20
0
 11
1
 21
1
 12
9.590718566212455
 22
9.96900676952014
 13
0
 23
0
 14
10
 24
10
 15
10
 25
10
 16
0
 26
0
 36
1
 17
0
 27
0
 37
0
 40
40.23206303413485
 41
1.047566371681416
 42
50
 43
0
 44
0
 50
0
 51
0
 71
    0
 72
  100
 73
    1
 74
    3
 75
    0
 76
    1
 77
    0
 78
    0
281
    0
 65
    1
110
0
120
0
130
0
111
1
121
0
131
0
112
0
122
1
132
0
 79
    0
146
0
348
10020
 60
    7
 61
    5
292
1
282
    1
141
0
142
0
 63
  250
421
3358443
  0
ENDTAB
  0
TABLE
  2
LTYPE
  5
5
330
0
100
AcDbSymbolTable
 70
    4
  0
LTYPE
  5
14
330
5
100
AcDbSymbolTableRecord
100
AcDbLinetypeTableRecord
  2
ByBlock
 70
    0
  3

 72
   65
 73
    0
 40
0
  0
LTYPE
  5
15
330
5
100
AcDbSymbolTableRecord
100
AcDbLinetypeTableRecord
  2
ByLayer
 70
    0
  3

 72
   65
 73
    0
 40
0
  0
LTYPE
  5
16
330
5
100
AcDbSymbolTableRecord
100
AcDbLinetypeTableRecord
  2
Continuous
 70
    0
  3
Solid line
 72
   65
 73
    0
 40
0
  0
LTYPE
  5
32
330
5
100
AcDbSymbolTableRecord
100
AcDbLinetypeTableRecord
  2
DOT
 70
    0
  3
Dot . . . . . . . . . . . . . . . . . . . . . .
 72
   65
 73
    2
 40
6.35
 49
0
 74
    0
 49
-6.35
 74
    0
  0
LTYPE
  5
33
330
5
100
AcDbSymbolTableRecord
100
AcDbLinetypeTableRecord
  2
DOTTINY
 70
    0
  3
Dot (.15x) .....................................
 72
   65
 73
    2
 40
0.9525
 49
0
 74
    0
 49
-0.9525
 74
    0
  0
LTYPE
  5
34
330
5
100
AcDbSymbolTableRecord
100
AcDbLinetypeTableRecord
  2
DOT2
 70
    0
  3
Dot (.5x) .....................................
 72
   65
 73
    2
 40
3.175
 49
0
 74
    0
 49
-3.175
 74
    0
  0
LTYPE
  5
35
330
5
100
AcDbSymbolTableRecord
100
AcDbLinetypeTableRecord
  2
DOTX2
 70
    0
  3
Dot (2x) .  .  .  .  .  .  .  .  .  .  .  .  .
 72
   65
 73
    2
 40
12.7
 49
0
 74
    0
 49
-12.7
 74
    0
  0
LTYPE
  5
36
330
5
100
AcDbSymbolTableRecord
100
AcDbLinetypeTableRecord
  2
DASHED
 70
    0
  3
Dashed _ _ _ _ _ _ _ _ _ _ _ _ _ _ _ _ _
 72
   65
 73
    2
 40
19.05
 49
12.7
 74
    0
 49
-6.35
 74
    0
  0
LTYPE
  5
37
330
5
100
AcDbSymbolTableRecord
100
AcDbLinetypeTableRecord
  2
DASHEDTINY
 70
    0
  3
Dashed (.15x) _ _ _ _ _ _ _ _ _ _ _ _ _ _ _ _ _
 72
   65
 73
    2
 40
2.8575
 49
1.905
 74
    0
 49
-0.9525
 74
    0
  0
LTYPE
  5
38
330
5
100
AcDbSymbolTableRecord
100
AcDbLinetypeTableRecord
  2
DASHED2
 70
    0
  3
Dashed (.5x) _ _ _ _ _ _ _ _ _ _ _ _ _ _ _ _ _
 72
   65
 73
    2
 40
9.524999999999999
 49
6.35
 74
    0
 49
-3.175
 74
    0
  0
LTYPE
  5
39
330
5
100
AcDbSymbolTableRecord
100
AcDbLinetypeTableRecord
  2
DASHEDX2
 70
    0
  3
Dashed (2x) ____  ____  ____  ____  ____  ___
 72
   65
 73
    2
 40
38.09999999999999
 49
25.4
 74
    0
 49
-12.7
 74
    0
  0
LTYPE
  5
3A
330
5
100
AcDbSymbolTableRecord
100
AcDbLinetypeTableRecord
  2
DASHDOT
 70
    0
  3
Dash dot __ . __ . __ . __ . __ . __ . __ . __
 72
   65
 73
    4
 40
25.4
 49
12.7
 74
    0
 49
-6.35
 74
    0
 49
0
 74
    0
 49
-6.35
 74
    0
  0
LTYPE
  5
3B
330
5
100
AcDbSymbolTableRecord
100
AcDbLinetypeTableRecord
  2
DASHDOTTINY
 70
    0
  3
Dash dot (.15x) _._._._._._._._._._._._._._._.
 72
   65
 73
    4
 40
3.81
 49
1.905
 74
    0
 49
-0.9525
 74
    0
 49
0
 74
    0
 49
-0.9525
 74
    0
  0
LTYPE
  5
3C
330
5
100
AcDbSymbolTableRecord
100
AcDbLinetypeTableRecord
  2
DASHDOT2
 70
    0
  3
Dash dot (.5x) _._._._._._._._._._._._._._._.
 72
   65
 73
    4
 40
12.7
 49
6.35
 74
    0
 49
-3.175
 74
    0
 49
0
 74
    0
 49
-3.175
 74
    0
  0
LTYPE
  5
3D
330
5
100
AcDbSymbolTableRecord
100
AcDbLinetypeTableRecord
  2
DASHDOTX2
 70
    0
  3
Dash dot (2x) ____  .  ____  .  ____  .  ___
 72
   65
 73
    4
 40
50.8
 49
25.4
 74
    0
 49
-12.7
 74
    0
 49
0
 74
    0
 49
-12.7
 74
    0
  0
LTYPE
  5
3E
330
5
100
AcDbSymbolTableRecord
100
AcDbLinetypeTableRecord
  2
DIVIDE
 70
    0
  3
Divide ____ . . ____ . . ____ . . ____ . . ____
 72
   65
 73
    6
 40
31.75
 49
12.7
 74
    0
 49
-6.35
 74
    0
 49
0
 74
    0
 49
-6.35
 74
    0
 49
0
 74
    0
 49
-6.35
 74
    0
  0
LTYPE
  5
3F
330
5
100
AcDbSymbolTableRecord
100
AcDbLinetypeTableRecord
  2
DIVIDETINY
 70
    0
  3
Divide (.15x) __..__..__..__..__..__..__..__.._
 72
   65
 73
    6
 40
4.7625
 49
1.905
 74
    0
 49
-0.9525
 74
    0
 49
0
 74
    0
 49
-0.9525
 74
    0
 49
0
 74
    0
 49
-0.9525
 74
    0
  0
LTYPE
  5
40
330
5
100
AcDbSymbolTableRecord
100
AcDbLinetypeTableRecord
  2
DIVIDE2
 70
    0
  3
Divide (.5x) __..__..__..__..__..__..__..__.._
 72
   65
 73
    6
 40
15.875
 49
6.35
 74
    0
 49
-3.175
 74
    0
 49
0
 74
    0
 49
-3.175
 74
    0
 49
0
 74
    0
 49
-3.175
 74
    0
  0
LTYPE
  5
41
330
5
100
AcDbSymbolTableRecord
100
AcDbLinetypeTableRecord
  2
DIVIDEX2
 70
    0
  3
Divide (2x) ________  .  .  ________  .  .  _
 72
   65
 73
    6
 40
63.5
 49
25.4
 74
    0
 49
-12.7
 74
    0
 49
0
 74
    0
 49
-12.7
 74
    0
 49
0
 74
    0
 49
-12.7
 74
    0
  0
LTYPE
  5
42
330
5
100
AcDbSymbolTableRecord
100
AcDbLinetypeTableRecord
  2
BORDER
 70
    0
  3
Border __ __ . __ __ . __ __ . __ __ . __ __ .
 72
   65
 73
    6
 40
44.45
 49
12.7
 74
    0
 49
-6.35
 74
    0
 49
12.7
 74
    0
 49
-6.35
 74
    0
 49
0
 74
    0
 49
-6.35
 74
    0
  0
LTYPE
  5
43
330
5
100
AcDbSymbolTableRecord
100
AcDbLinetypeTableRecord
  2
BORDERTINY
 70
    0
  3
Border (.15x) __.__.__.__.__.__.__.__.__.__.__.
 72
   65
 73
    6
 40
6.6675
 49
1.905
 74
    0
 49
-0.9525
 74
    0
 49
1.905
 74
    0
 49
-0.9525
 74
    0
 49
0
 74
    0
 49
-0.9525
 74
    0
  0
LTYPE
  5
44
330
5
100
AcDbSymbolTableRecord
100
AcDbLinetypeTableRecord
  2
BORDER2
 70
    0
  3
Border (.5x) __.__.__.__.__.__.__.__.__.__.__.
 72
   65
 73
    6
 40
22.225
 49
6.35
 74
    0
 49
-3.175
 74
    0
 49
6.35
 74
    0
 49
-3.175
 74
    0
 49
0
 74
    0
 49
-3.175
 74
    0
  0
LTYPE
  5
45
330
5
100
AcDbSymbolTableRecord
100
AcDbLinetypeTableRecord
  2
BORDERX2
 70
    0
  3
Border (2x) ____  ____  .  ____  ____  .  ___
 72
   65
 73
    6
 40
88.89999999999999
 49
25.4
 74
    0
 49
-12.7
 74
    0
 49
25.4
 74
    0
 49
-12.7
 74
    0
 49
0
 74
    0
 49
-12.7
 74
    0
  0
LTYPE
  5
46
330
5
100
AcDbSymbolTableRecord
100
AcDbLinetypeTableRecord
  2
CENTER
 70
    0
  3
Center ____ _ ____ _ ____ _ ____ _ ____ _ ____
 72
   65
 73
    4
 40
50.8
 49
31.75
 74
    0
 49
-6.35
 74
    0
 49
6.35
 74
    0
 49
-6.35
 74
    0
  0
LTYPE
  5
47
330
5
100
AcDbSymbolTableRecord
100
AcDbLinetypeTableRecord
  2
CENTERTINY
 70
    0
  3
Center (.15x) ___ _ ___ _ ___ _ ___ _ ___ _ ___
 72
   65
 73
    4
 40
7.62
 49
4.7625
 74
    0
 49
-0.9525
 74
    0
 49
0.9525
 74
    0
 49
-0.9525
 74
    0
  0
LTYPE
  5
48
330
5
100
AcDbSymbolTableRecord
100
AcDbLinetypeTableRecord
  2
CENTER2
 70
    0
  3
Center (.5x) ___ _ ___ _ ___ _ ___ _ ___ _ ___
 72
   65
 73
    4
 40
28.575
 49
19.05
 74
    0
 49
-3.175
 74
    0
 49
3.175
 74
    0
 49
-3.175
 74
    0
  0
LTYPE
  5
49
330
5
100
AcDbSymbolTableRecord
100
AcDbLinetypeTableRecord
  2
CENTERX2
 70
    0
  3
Center (2x) ________  __  ________  __  _____
 72
   65
 73
    4
 40
101.6
 49
63.5
 74
    0
 49
-12.7
 74
    0
 49
12.7
 74
    0
 49
-12.7
 74
    0
  0
ENDTAB
  0
TABLE
  2
LAYER
  5
2
330
0
100
AcDbSymbolTable
 70
    1
  0
LAYER
  5
10
330
2
100
AcDbSymbolTableRecord
100
AcDbLayerTableRecord
  2
0
 70
    1
 62
    7
  6
CONTINUOUS
370
   25
390
F
  0
LAYER
  5
4A
330
2
100
AcDbSymbolTableRecord
100
AcDbLayerTableRecord
  2
1
 70
    1
 62
  136
420
32896
  6
CONTINUOUS
370
    0
390
F
  0
LAYER
  5
4B
330
2
100
AcDbSymbolTableRecord
100
AcDbLayerTableRecord
  2
10
 70
    1
 62
    5
  6
CONTINUOUS
370
    0
390
F
  0
LAYER
  5
4C
330
2
100
AcDbSymbolTableRecord
100
AcDbLayerTableRecord
  2
100
 70
    0
 62
    6
  6
CONTINUOUS
370
    0
390
F
  0
LAYER
  5
4D
330
2
100
AcDbSymbolTableRecord
100
AcDbLayerTableRecord
  2
11
 70
    1
 62
    4
  6
CONTINUOUS
370
    0
390
F
  0
LAYER
  5
4E
330
2
100
AcDbSymbolTableRecord
100
AcDbLayerTableRecord
  2
12
 70
    1
 62
  161
420
5614335
  6
CONTINUOUS
370
    0
390
F
  0
LAYER
  5
4F
330
2
100
AcDbSymbolTableRecord
100
AcDbLayerTableRecord
  2
2
 70
    1
 62
    8
  6
CONTINUOUS
370
    0
390
F
  0
LAYER
  5
50
330
2
100
AcDbSymbolTableRecord
100
AcDbLayerTableRecord
  2
20
 70
    1
 62
    1
  6
CONTINUOUS
370
    0
390
F
  0
LAYER
  5
51
330
2
100
AcDbSymbolTableRecord
100
AcDbLayerTableRecord
  2
3
 70
    1
 62
    3
  6
CONTINUOUS
370
    0
390
F
  0
LAYER
  5
52
330
2
100
AcDbSymbolTableRecord
100
AcDbLayerTableRecord
  2
30
 70
    1
 62
   96
420
32768
  6
CONTINUOUS
370
    0
390
F
  0
LAYER
  5
53
330
2
100
AcDbSymbolTableRecord
100
AcDbLayerTableRecord
  2
40
 70
    1
 62
   16
420
8388608
  6
CONTINUOUS
370
    0
390
F
  0
LAYER
  5
54
330
2
100
AcDbSymbolTableRecord
100
AcDbLayerTableRecord
  2
50
 70
    1
 62
    8
  6
CONTINUOUS
370
    0
390
F
  0
LAYER
  5
55
330
2
100
AcDbSymbolTableRecord
100
AcDbLayerTableRecord
  2
51
 70
    1
 62
    7
  6
CONTINUOUS
370
    0
390
F
  0
LAYER
  5
56
330
2
100
AcDbSymbolTableRecord
100
AcDbLayerTableRecord
  2
60
 70
    1
 62
   34
420
11162880
  6
CONTINUOUS
370
    0
390
F
  0
LAYER
  5
57
330
2
100
AcDbSymbolTableRecord
100
AcDbLayerTableRecord
  2
61
 70
    1
 62
    1
  6
CONTINUOUS
370
    0
390
F
  0
LAYER
  5
58
330
2
100
AcDbSymbolTableRecord
100
AcDbLayerTableRecord
  2
62
 70
    1
 62
   20
420
16733440
  6
CONTINUOUS
370
    0
390
F
  0
LAYER
  5
59
330
2
100
AcDbSymbolTableRecord
100
AcDbLayerTableRecord
  2
63
 70
    1
 62
   56
420
8421376
  6
CONTINUOUS
370
    0
390
F
  0
LAYER
  5
5A
330
2
100
AcDbSymbolTableRecord
100
AcDbLayerTableRecord
  2
9
 70
    1
 62
   96
420
32768
  6
CONTINUOUS
370
    0
390
F
  0
LAYER
  5
5B
330
2
100
AcDbSymbolTableRecord
100
AcDbLayerTableRecord
  2
ref
 70
    1
 62
    2
  6
CONTINUOUS
370
    0
390
F
  0
LAYER
  5
5C
330
2
100
AcDbSymbolTableRecord
100
AcDbLayerTableRecord
  2
ref2
 70
    1
 62
    2
  6
CONTINUOUS
370
    0
390
F
  0
ENDTAB
  0
TABLE
  2
STYLE
  5
3
330
0
100
AcDbSymbolTable
 70
    3
  0
STYLE
  5
5D
330
2
100
AcDbSymbolTableRecord
100
AcDbTextStyleTableRecord
  2
Standard
 70
    0
 40
0
 41
1
 50
0
 71
    0
 42
1
  3
txt
  4

  0
ENDTAB
  0
TABLE
  2
VIEW
  5
6
330
0
100
AcDbSymbolTable
 70
    0
  0
ENDTAB
  0
TABLE
  2
UCS
  5
7
330
0
100
AcDbSymbolTable
 70
    0
  0
ENDTAB
  0
TABLE
  2
APPID
  5
9
330
0
100
AcDbSymbolTable
 70
    1
  0
APPID
  5
12
330
9
100
AcDbSymbolTableRecord
100
AcDbRegAppTableRecord
  2
ACAD
 70
    0
  0
APPID
  5
5E
330
9
100
AcDbSymbolTableRecord
100
AcDbRegAppTableRecord
  2
LibreCad
 70
    0
  0
ENDTAB
  0
TABLE
  2
DIMSTYLE
  5
A
330
0
100
AcDbSymbolTable
 70
    1
100
AcDbDimStyleTable
 71
    1
  0
DIMSTYLE
105
5F
330
A
100
AcDbSymbolTableRecord
100
AcDbDimStyleTableRecord
  2
Standard
 70
    0
 40
2.5
 41
2.5
 42
0.625
 43
0.38
 44
1.25
 45
0
 46
0
 47
0
 48
0
 49
1
140
2.5
141
0.09
142
0
143
25.4
144
1
145
0
146
1
147
0.625
148
0
 71
    0
 72
    0
 73
    0
 74
    1
 75
    0
 76
    0
 77
    0
 78
    8
 79
    0
170
    0
171
    2
172
    0
173
    0
174
    0
175
    0
176
    0
177
    0
178
    0
179
    0
271
    2
272
    4
273
    2
274
    2
275
    0
276
    0
277
    2
278
   44
279
    0
280
    0
281
    0
282
    0
283
    1
284
    0
285
    0
286
    0
288
    0
289
    3
340
STANDARD
341

371
   -2
372
   -2
  0
ENDTAB
  0
TABLE
  2
BLOCK_RECORD
  5
1
330
0
100
AcDbSymbolTable
 70
    2
  0
BLOCK_RECORD
  5
1F
330
1
100
AcDbSymbolTableRecord
100
AcDbBlockTableRecord
  2
*Model_Space
 70
    0
280
    1
281
    0
  0
BLOCK_RECORD
  5
1E
330
1
100
AcDbSymbolTableRecord
100
AcDbBlockTableRecord
  2
*Paper_Space
 70
    0
280
    1
281
    0
  0
ENDTAB
  0
ENDSEC
  0
SECTION
  2
BLOCKS
  0
BLOCK
  5
20
330
1F
100
AcDbEntity
  8
0
100
AcDbBlockBegin
  2
*Model_Space
 70
    0
 10
0
 20
0
 30
0
  3
*Model_Space
  1

  0
ENDBLK
  5
21
330
1F
100
AcDbEntity
  8
0
100
AcDbBlockEnd
  0
BLOCK
  5
1C
330
1B
100
AcDbEntity
  8
0
100
AcDbBlockBegin
  2
*Paper_Space
 70
    0
 10
0
 20
0
 30
0
  3
*Paper_Space
  1

  0
ENDBLK
  5
1D
330
1F
100
AcDbEntity
  8
0
100
AcDbBlockEnd
  0
ENDSEC
  0
SECTION
  2
ENTITIES
  0
LINE
  5
60
100
AcDbEntity
  8
ref
  6
ByLayer
 62
  256
370
   -1
100
AcDbLine
 10
160
 20
-1.959434878635766e-14
 11
-145
 21
1.224646799147353e-14
  0
LINE
  5
61
100
AcDbEntity
  8
ref
  6
ByLayer
 62
  256
370
   -1
100
AcDbLine
 10
2.171456347187397e-14
 20
67.5
 11
-58.45671475544964
 21
-33.74999999999996
  0
LINE
  5
62
100
AcDbEntity
  8
ref
  6
ByLayer
 62
  256
370
   -1
100
AcDbLine
 10
-58.45671475544964
 20
-33.74999999999996
 11
58.45671475544959
 21
-33.75000000000003
  0
LINE
  5
63
100
AcDbEntity
  8
ref
  6
ByLayer
 62
  256
370
   -1
100
AcDbLine
 10
58.45671475544959
 20
-33.75000000000003
 11
2.171456347187397e-14
 21
67.5
  0
CIRCLE
  5
64
100
AcDbEntity
  8
ref
  6
ByLayer
 62
  256
370
   -1
100
AcDbCircle
 10
-5.007306045127439e-15
 20
-2.890969493069164e-15
 40
79
  0
CIRCLE
  5
65
100
AcDbEntity
  8
ref
  6
ByLayer
 62
  256
370
   -1
100
AcDbCircle
 10
1.243655360972624e-14
 20
71
 40
8
  0
LINE
  5
66
100
AcDbEntity
  8
30
  6
ByLayer
 62
  256
370
   -1
100
AcDbLine
 10
8
 20
-1.892942720500626e-15
 11
4.999999999999998
 21
-3.000000000000003
  0
LINE
  5
67
100
AcDbEntity
  8
30
  6
ByLayer
 62
  256
370
   -1
100
AcDbLine
 10
8
 20
-1.892942720500626e-15
 11
5.000000000000001
 21
2.999999999999997
  0
LINE
  5
68
100
AcDbEntity
  8
30
  6
ByLayer
 62
  256
370
   -1
100
AcDbLine
 10
5.000000000000001
 20
2.999999999999997
 11
1.750000000000005
 21
2.999999999999997
  0
LINE
  5
69
100
AcDbEntity
  8
30
  6
ByLayer
 62
  256
370
   -1
100
AcDbLine
 10
4.999999999999998
 20
-3.000000000000003
 11
1.750000000000004
 21
-3.000000000000003
  0
LINE
  5
6A
100
AcDbEntity
  8
30
  6
ByLayer
 62
  256
370
   -1
100
AcDbLine
 10
1.750000000000005
 20
2.999999999999997
 11
1.750000000000004
 21
-3.000000000000003
  0
CIRCLE
  5
6B
100
AcDbEntity
  8
20
  6
ByLayer
 62
  256
370
   -1
100
AcDbCircle
 10
2.593369692312041e-15
 20
-2.593369692312043e-15
 40
106
  0
CIRCLE
  5
6C
100
AcDbEntity
  8
20
  6
ByLayer
 62
  256
370
   -1
100
AcDbCircle
 10
2.593369692312041e-15
 20
-2.593369692312043e-15
 40
96
  0
CIRCLE
  5
6D
100
AcDbEntity
  8
10
  6
ByLayer
 62
  256
370
   -1
100
AcDbCircle
 10
-5.007306045127439e-15
 20
-2.890969493069164e-15
 40
91
  0
CIRCLE
  5
6E
100
AcDbEntity
  8
10
  6
ByLayer
 62
  256
370
   -1
100
AcDbCircle
 10
4.007934979027701e-15
 20
-2.890969493069165e-15
 40
81
  0
LINE
  5
6F
100
AcDbEntity
  8
11
  6
ByLayer
 62
  256
370
   -1
100
AcDbLine
 10
91
 20
-6.860184222288656e-15
 11
91
 21
19.99999999999999
  0
LINE
  5
70
100
AcDbEntity
  8
11
  6
ByLayer
 62
  256
370
   -1
100
AcDbLine
 10
81
 20
-2.645453300864631e-14
 11
91
 21
-2.890382660694101e-14
  0
LINE
  5
71
100
AcDbEntity
  8
11
  6
ByLayer
 62
  256
370
   -1
100
AcDbLine
 10
81
 20
19.99999999999999
 11
91
 21
19.99999999999999
  0
LINE
  5
72
100
AcDbEntity
  8
11
  6
ByLayer
 62
  256
370
   -1
100
AcDbLine
 10
81
 20
12.99999999999999
 11
81
 21
19.99999999999999
  0
LINE
  5
73
100
AcDbEntity
  8
11
  6
ByLayer
 62
  256
370
   -1
100
AcDbLine
 10
81
 20
-6.860184222288656e-15
 11
81
 21
6.999999999999998
  0
LINE
  5
74
100
AcDbEntity
  8
11
  6
ByLayer
 62
  256
370
   -1
100
AcDbLine
 10
81
 20
6.999999999999998
 11
84
 21
9.999999999999998
  0
LINE
  5
75
100
AcDbEntity
  8
11
  6
ByLayer
 62
  256
370
   -1
100
AcDbLine
 10
81
 20
12.99999999999999
 11
84
 21
9.999999999999998
  0
CIRCLE
  5
76
100
AcDbEntity
  8
0
  6
ByLayer
 62
  256
370
   -1
100
AcDbCircle
 10
2.593369692312041e-15
 20
-2.593369692312043e-15
 40
80
  0
CIRCLE
  5
77
100
AcDbEntity
  8
0
  6
ByLayer
 62
  256
370
   -1
100
AcDbCircle
 10
1.243655360972624e-14
 20
76
 40
1.45
  0
CIRCLE
  5
78
100
AcDbEntity
  8
0
  6
ByLayer
 62
  256
370
   -1
100
AcDbCircle
 10
-65.81793068761735
 20
-37.99999999999997
 40
1.45
  0
CIRCLE
  5
79
100
AcDbEntity
  8
0
  6
ByLayer
 62
  256
370
   -1
100
AcDbCircle
 10
65.81793068761731
 20
-38.00000000000004
 40
1.45
  0
LINE
  5
7A
100
AcDbEntity
  8
ref
  6
ByLayer
 62
  256
370
   -1
100
AcDbLine
 10
65
 20
-1.01273156527526e-14
 11
80
 21
-2.21877184786697e-14
  0
CIRCLE
  5
7B
100
AcDbEntity
  8
0
  6
ByLayer
 62
  256
370
   -1
100
AcDbCircle
 10
72.5
 20
-1.615751706571115e-14
 40
1.75
  0
CIRCLE
  5
7C
100
AcDbEntity
  8
0
  6
ByLayer
 62
  256
370
   -1
100
AcDbCircle
 10
71.39856209338508
 20
12.58949288085243
 40
1.75
  0
CIRCLE
  5
7D
100
AcDbEntity
  8
0
  6
ByLayer
 62
  256
370
   -1
100
AcDbCircle
 10
68.12771500697836
 20
24.79646039111097
 40
1.75
  0
CIRCLE
  5
7E
100
AcDbEntity
  8
0
  6
ByLayer
 62
  256
370
   -1
100
AcDbCircle
 10
62.78684177437182
 20
36.24999999999998
 40
1.75
  0
CIRCLE
  5
7F
100
AcDbEntity
  8
0
  6
ByLayer
 62
  256
370
   -1
100
AcDbCircle
 10
55.53822212612592
 20
46.60210170227408
 40
1.75
  0
CIRCLE
  5
80
100
AcDbEntity
  8
0
  6
ByLayer
 62
  256
370
   -1
100
AcDbCircle
 10
46.60210170227412
 20
55.53822212612589
 40
1.75
  0
CIRCLE
  5
81
100
AcDbEntity
  8
0
  6
ByLayer
 62
  256
370
   -1
100
AcDbCircle
 10
36.25000000000002
 20
62.78684177437179
 40
1.75
  0
CIRCLE
  5
82
100
AcDbEntity
  8
0
  6
ByLayer
 62
  256
370
   -1
100
AcDbCircle
 10
24.796460391111
 20
68.12771500697835
 40
1.75
  0
CIRCLE
  5
83
100
AcDbEntity
  8
0
  6
ByLayer
 62
  256
370
   -1
100
AcDbCircle
 10
12.58949288085247
 20
71.39856209338508
 40
1.75
  0
CIRCLE
  5
84
100
AcDbEntity
  8
0
  6
ByLayer
 62
  256
370
   -1
100
AcDbCircle
 10
-12.58949288085243
 20
71.39856209338508
 40
1.75
  0
CIRCLE
  5
85
100
AcDbEntity
  8
0
  6
ByLayer
 62
  256
370
   -1
100
AcDbCircle
 10
-24.79646039111097
 20
68.12771500697836
 40
1.75
  0
CIRCLE
  5
86
100
AcDbEntity
  8
0
  6
ByLayer
 62
  256
370
   -1
100
AcDbCircle
 10
-36.24999999999997
 20
62.78684177437182
 40
1.75
  0
CIRCLE
  5
87
100
AcDbEntity
  8
0
  6
ByLayer
 62
  256
370
   -1
100
AcDbCircle
 10
-46.60210170227409
 20
55.53822212612592
 40
1.75
  0
CIRCLE
  5
88
100
AcDbEntity
  8
0
  6
ByLayer
 62
  256
370
   -1
100
AcDbCircle
 10
-55.53822212612589
 20
46.60210170227413
 40
1.75
  0
CIRCLE
  5
89
100
AcDbEntity
  8
0
  6
ByLayer
 62
  256
370
   -1
100
AcDbCircle
 10
-62.7868417743718
 20
36.25000000000001
 40
1.75
  0
CIRCLE
  5
8A
100
AcDbEntity
  8
0
  6
ByLayer
 62
  256
370
   -1
100
AcDbCircle
 10
-68.12771500697835
 20
24.79646039111101
 40
1.75
  0
CIRCLE
  5
8B
100
AcDbEntity
  8
0
  6
ByLayer
 62
  256
370
   -1
100
AcDbCircle
 10
-71.39856209338508
 20
12.58949288085249
 40
1.75
  0
CIRCLE
  5
8C
100
AcDbEntity
  8
0
  6
ByLayer
 62
  256
370
   -1
100
AcDbCircle
 10
-72.5
 20
2.503620635952946e-14
 40
1.75
  0
CIRCLE
  5
8D
100
AcDbEntity
  8
0
  6
ByLayer
 62
  256
370
   -1
100
AcDbCircle
 10
-71.3985620933851
 20
-12.58949288085241
 40
1.75
  0
CIRCLE
  5
8E
100
AcDbEntity
  8
0
  6
ByLayer
 62
  256
370
   -1
100
AcDbCircle
 10
-68.12771500697836
 20
-24.79646039111096
 40
1.75
  0
CIRCLE
  5
8F
100
AcDbEntity
  8
0
  6
ByLayer
 62
  256
370
   -1
100
AcDbCircle
 10
-55.53822212612592
 20
-46.60210170227408
 40
1.75
  0
CIRCLE
  5
90
100
AcDbEntity
  8
0
  6
ByLayer
 62
  256
370
   -1
100
AcDbCircle
 10
-46.60210170227413
 20
-55.53822212612589
 40
1.75
  0
CIRCLE
  5
91
100
AcDbEntity
  8
0
  6
ByLayer
 62
  256
370
   -1
100
AcDbCircle
 10
-36.25000000000005
 20
-62.78684177437177
 40
1.75
  0
CIRCLE
  5
92
100
AcDbEntity
  8
0
  6
ByLayer
 62
  256
370
   -1
100
AcDbCircle
 10
-24.79646039111104
 20
-68.12771500697833
 40
1.75
  0
CIRCLE
  5
93
100
AcDbEntity
  8
0
  6
ByLayer
 62
  256
370
   -1
100
AcDbCircle
 10
-12.58949288085246
 20
-71.39856209338508
 40
1.75
  0
CIRCLE
  5
94
100
AcDbEntity
  8
0
  6
ByLayer
 62
  256
370
   -1
100
AcDbCircle
 10
-2.947555100643861e-14
 20
-72.5
 40
1.75
  0
CIRCLE
  5
95
100
AcDbEntity
  8
0
  6
ByLayer
 62
  256
370
   -1
100
AcDbCircle
 10
12.58949288085241
 20
-71.3985620933851
 40
1.75
  0
CIRCLE
  5
96
100
AcDbEntity
  8
0
  6
ByLayer
 62
  256
370
   -1
100
AcDbCircle
 10
24.79646039111093
 20
-68.12771500697838
 40
1.75
  0
CIRCLE
  5
97
100
AcDbEntity
  8
0
  6
ByLayer
 62
  256
370
   -1
100
AcDbCircle
 10
36.24999999999999
 20
-62.78684177437181
 40
1.75
  0
CIRCLE
  5
98
100
AcDbEntity
  8
0
  6
ByLayer
 62
  256
370
   -1
100
AcDbCircle
 10
46.60210170227408
 20
-55.53822212612592
 40
1.75
  0
CIRCLE
  5
99
100
AcDbEntity
  8
0
  6
ByLayer
 62
  256
370
   -1
100
AcDbCircle
 10
55.53822212612588
 20
-46.60210170227413
 40
1.75
  0
CIRCLE
  5
9A
100
AcDbEntity
  8
0
  6
ByLayer
 62
  256
370
   -1
100
AcDbCircle
 10
68.12771500697833
 20
-24.79646039111105
 40
1.75
  0
CIRCLE
  5
9B
100
AcDbEntity
  8
0
  6
ByLayer
 62
  256
370
   -1
100
AcDbCircle
 10
71.39856209338508
 20
-12.58949288085247
 40
1.75
  0
ARC
  5
9C
100
AcDbEntity
  8
1
  6
ByLayer
 62
  256
370
   -1
100
AcDbCircle
 10
53.25515102890153
 20
-39.76779962499649
 40
2.5
100
AcDbArc
 50
270
 51
450
  0
ARC
  5
9D
100
AcDbEntity
  8
1
  6
ByLayer
 62
  256
370
   -1
100
AcDbCircle
 10
-53.25515172801602
 20
-39.76779962499646
 40
2.5
100
AcDbArc
 50
90
 51
270.0000177253514
  0
LINE
  5
9E
100
AcDbEntity
  8
1
  6
ByLayer
 62
  256
370
   -1
100
AcDbLine
 10
53.25515102890153
 20
-37.26779962499649
 11
-53.25515172801602
 21
-37.26779962499646
  0
LINE
  5
9F
100
AcDbEntity
  8
ref
  6
ByLayer
 62
  256
370
   -1
100
AcDbLine
 10
3.000000000000022
 20
120
 11
3.000000000000013
 21
82.94576541331088
  0
LINE
  5
A0
100
AcDbEntity
  8
ref
  6
ByLayer
 62
  256
370
   -1
100
AcDbLine
 10
-2.999999999999978
 20
120
 11
-2.999999999999985
 21
82.94576541331088
  0
ARC
  5
A1
100
AcDbEntity
  8
ref
  6
ByLayer
 62
  256
370
   -1
100
AcDbCircle
 10
-5.007306045127439e-15
 20
-2.890969493069164e-15
 40
83
100
AcDbArc
 50
87.92861702364709
 51
92.07138297635289
  0
LINE
  5
A2
100
AcDbEntity
  8
ref
  6
ByLayer
 62
  256
370
   -1
100
AcDbLine
 10
7.497817133407721e-17
 20
83
 11
2
 21
83
  0
LINE
  5
A3
100
AcDbEntity
  8
ref
  6
ByLayer
 62
  256
370
   -1
100
AcDbLine
 10
1.974428512488125e-16
 20
85
 11
2
 21
85
  0
LINE
  5
A4
100
AcDbEntity
  8
ref
  6
ByLayer
 62
  256
370
   -1
100
AcDbLine
 10
1.115927950609328e-15
 20
100
 11
2.000000000000001
 21
100
  0
LINE
  5
A5
100
AcDbEntity
  8
ref
  6
ByLayer
 62
  256
370
   -1
100
AcDbLine
 10
6.873015709077538e-16
 20
93
 11
2
 21
93
  0
LINE
  5
A6
100
AcDbEntity
  8
ref
  6
ByLayer
 62
  256
370
   -1
100
AcDbLine
 10
84
 20
9.999999999999998
 11
84
 21
-10
  0
CIRCLE
  5
A7
100
AcDbEntity
  8
ref
  6
ByLayer
 62
  256
370
   -1
100
AcDbCircle
 10
5.007306045127424e-15
 20
-2.890969493069165e-15
 40
84
  0
LINE
  5
A8
100
AcDbEntity
  8
ref
  6
ByLayer
 62
  256
370
   -1
100
AcDbLine
 10
3.887329734594499e-15
 20
-2.244350868696975e-15
 11
84.43747686898273
 21
-48.75000000000009
  0
LINE
  5
A9
100
AcDbEntity
  8
ref
  6
ByLayer
 62
  256
370
   -1
100
AcDbLine
 10
3.887329734594499e-15
 20
-2.244350868696975e-15
 11
-84.43747686898281
 21
-48.74999999999995
  0
LINE
  5
AA
100
AcDbEntity
  8
ref
  6
ByLayer
 62
  256
370
   -1
100
AcDbLine
 10
160
 20
-2.00000000000002
 11
-145
 21
-1.999999999999988
  0
LINE
  5
AB
100
AcDbEntity
  8
ref
  6
ByLayer
 62
  256
370
   -1
100
AcDbLine
 10
-4.999999999999978
 20
120
 11
-5.000000000000003
 21
-45
  0
LINE
  5
AC
100
AcDbEntity
  8
ref
  6
ByLayer
 62
  256
370
   -1
100
AcDbLine
 10
5.000000000000022
 20
120
 11
4.999999999999997
 21
-45
  0
LINE
  5
AD
100
AcDbEntity
  8
0
  6
ByLayer
 62
  256
370
   -1
100
AcDbLine
 10
-56.27931334967683
 20
-37.26779962499646
 11
56.27931334967683
 21
-37.26779962499649
  0
ARC
  5
AE
100
AcDbEntity
  8
0
  6
ByLayer
 62
  256
370
   -1
100
AcDbCircle
 10
2.593369692312041e-15
 20
-2.593369692312043e-15
 40
67.5
100
AcDbArc
 50
326.4877300609588
 51
213.5122699390411
  0
CIRCLE
  5
AF
100
AcDbEntity
  8
9
  6
ByLayer
 62
  256
370
   -1
100
AcDbCircle
 10
67.50000000000001
 20
-1.534883331544279e-14
 40
2.5
  0
LINE
  5
B0
100
AcDbEntity
  8
12
  6
ByLayer
 62
  256
370
   -1
100
AcDbLine
 10
5.229079674796761
 20
-75.28201696695635
 11
5.229079674796761
 21
-75.28201696695635
  0
LINE
  5
B1
100
AcDbEntity
  8
12
  6
ByLayer
 62
  256
370
   -1
100
AcDbLine
 10
5.229079674796761
 20
-75.28201696695635
 11
5.172624390243901
 21
-75.49549989378563
  0
LINE
  5
B2
100
AcDbEntity
  8
12
  6
ByLayer
 62
  256
370
   -1
100
AcDbLine
 10
5.172624390243901
 20
-75.49549989378563
 11
5.05347642276424
 21
-75.92273891817587
  0
LINE
  5
B3
100
AcDbEntity
  8
12
  6
ByLayer
 62
  256
370
   -1
100
AcDbLine
 10
5.05347642276424
 20
-75.92273891817587
 11
4.791369105691061
 21
-76.77776330841976
  0
LINE
  5
B4
100
AcDbEntity
  8
12
  6
ByLayer
 62
  256
370
   -1
100
AcDbLine
 10
4.791369105691061
 20
-76.77776330841976
 11
4.498985365853668
 21
-77.63328851167181
  0
LINE
  5
B5
100
AcDbEntity
  8
12
  6
ByLayer
 62
  256
370
   -1
100
AcDbLine
 10
4.498985365853668
 20
-77.63328851167181
 11
4.177691056910579
 21
-78.48885924337912
  0
LINE
  5
B6
100
AcDbEntity
  8
12
  6
ByLayer
 62
  256
370
   -1
100
AcDbLine
 10
4.177691056910579
 20
-78.48885924337912
 11
4.093008130081314
 21
-78.70270639785068
  0
LINE
  5
B7
100
AcDbEntity
  8
12
  6
ByLayer
 62
  256
370
   -1
100
AcDbLine
 10
4.093008130081314
 20
-78.70270639785068
 11
2.042224390243913
 21
-78.78260883687507
  0
LINE
  5
B8
100
AcDbEntity
  8
12
  6
ByLayer
 62
  256
370
   -1
100
AcDbLine
 10
2.042224390243913
 20
-78.78260883687507
 11
1.941151219512199
 21
-78.57600070679376
  0
LINE
  5
B9
100
AcDbEntity
  8
12
  6
ByLayer
 62
  256
370
   -1
100
AcDbLine
 10
1.941151219512199
 20
-78.57600070679376
 11
1.554341463414643
 21
-77.74802021898888
  0
LINE
  5
BA
100
AcDbEntity
  8
12
  6
ByLayer
 62
  256
370
   -1
100
AcDbLine
 10
1.554341463414643
 20
-77.74802021898888
 11
1.196260162601637
 21
-76.91780883687505
  0
LINE
  5
BB
100
AcDbEntity
  8
12
  6
ByLayer
 62
  256
370
   -1
100
AcDbLine
 10
1.196260162601637
 20
-76.91780883687505
 11
0.868409756097561
 21
-76.08577631654987
  0
LINE
  5
BC
100
AcDbEntity
  8
12
  6
ByLayer
 62
  256
370
   -1
100
AcDbLine
 10
0.868409756097561
 20
-76.08577631654987
 11
0.716390243902452
 21
-75.66909989378563
  0
LINE
  5
BD
100
AcDbEntity
  8
12
  6
ByLayer
 62
  256
370
   -1
100
AcDbLine
 10
0.716390243902452
 20
-75.66909989378563
 11
0.6434991869918765
 21
-75.46067062549295
  0
LINE
  5
BE
100
AcDbEntity
  8
12
  6
ByLayer
 62
  256
370
   -1
100
AcDbLine
 10
0.6434991869918765
 20
-75.46067062549295
 11
-1.444799999999998
 21
-75.44956168240353
  0
LINE
  5
BF
100
AcDbEntity
  8
12
  6
ByLayer
 62
  256
370
   -1
100
AcDbLine
 10
-1.444799999999998
 20
-75.44956168240353
 11
-1.519921951219513
 21
-75.65726249541164
  0
LINE
  5
C0
100
AcDbEntity
  8
12
  6
ByLayer
 62
  256
370
   -1
100
AcDbLine
 10
-1.519921951219513
 20
-75.65726249541164
 11
-1.676357723577235
 21
-76.07225436533035
  0
LINE
  5
C1
100
AcDbEntity
  8
12
  6
ByLayer
 62
  256
370
   -1
100
AcDbLine
 10
-1.676357723577235
 20
-76.07225436533035
 11
-2.013040650406503
 21
-76.90078119459864
  0
LINE
  5
C2
100
AcDbEntity
  8
12
  6
ByLayer
 62
  256
370
   -1
100
AcDbLine
 10
-2.013040650406503
 20
-76.90078119459864
 11
-2.379863414634136
 21
-77.72712265801327
  0
LINE
  5
C3
100
AcDbEntity
  8
12
  6
ByLayer
 62
  256
370
   -1
100
AcDbLine
 10
-2.379863414634136
 20
-77.72712265801327
 11
-2.7755056910569
 21
-78.55096005638725
  0
LINE
  5
C4
100
AcDbEntity
  8
12
  6
ByLayer
 62
  256
370
   -1
100
AcDbLine
 10
-2.7755056910569
 20
-78.55096005638725
 11
-2.878764227642272
 21
-78.75647550354174
  0
LINE
  5
C5
100
AcDbEntity
  8
12
  6
ByLayer
 62
  256
370
   -1
100
AcDbLine
 10
-2.878764227642272
 20
-78.75647550354174
 11
-4.928546341463417
 21
-78.65481046289133
  0
LINE
  5
C6
100
AcDbEntity
  8
12
  6
ByLayer
 62
  256
370
   -1
100
AcDbLine
 10
-4.928546341463417
 20
-78.65481046289133
 11
-5.010998373983742
 21
-78.44005273931408
  0
LINE
  5
C7
100
AcDbEntity
  8
12
  6
ByLayer
 62
  256
370
   -1
100
AcDbLine
 10
-5.010998373983742
 20
-78.44005273931408
 11
-5.323141463414627
 21
-77.581158430371
  0
LINE
  5
C8
100
AcDbEntity
  8
12
  6
ByLayer
 62
  256
370
   -1
100
AcDbLine
 10
-5.323141463414627
 20
-77.581158430371
 11
-5.606419512195115
 21
-76.72253729215961
  0
LINE
  5
C9
100
AcDbEntity
  8
12
  6
ByLayer
 62
  256
370
   -1
100
AcDbLine
 10
-5.606419512195115
 20
-76.72253729215961
 11
-5.859466666666655
 21
-75.86478119459863
  0
LINE
  5
CA
100
AcDbEntity
  8
12
  6
ByLayer
 62
  256
370
   -1
100
AcDbLine
 10
-5.859466666666655
 20
-75.86478119459863
 11
-5.974061788617887
 21
-75.43631290191571
  0
LINE
  5
CB
100
AcDbEntity
  8
12
  6
ByLayer
 62
  256
370
   -1
100
AcDbLine
 10
-5.974061788617887
 20
-75.43631290191571
 11
-6.028240650406492
 21
-75.22223810516775
  0
LINE
  5
CC
100
AcDbEntity
  8
12
  6
ByLayer
 62
  256
370
   -1
100
AcDbLine
 10
-6.028240650406492
 20
-75.22223810516775
 11
-8.10738861788618
 21
-75.0266478612653
  0
LINE
  5
CD
100
AcDbEntity
  8
12
  6
ByLayer
 62
  256
370
   -1
100
AcDbLine
 10
-8.10738861788618
 20
-75.0266478612653
 11
-8.200585365853657
 21
-75.22683647915147
  0
LINE
  5
CE
100
AcDbEntity
  8
12
  6
ByLayer
 62
  256
370
   -1
100
AcDbLine
 10
-8.200585365853657
 20
-75.22683647915147
 11
-8.393079674796738
 21
-75.62639420272873
  0
LINE
  5
CF
100
AcDbEntity
  8
12
  6
ByLayer
 62
  256
370
   -1
100
AcDbLine
 10
-8.393079674796738
 20
-75.62639420272873
 11
-8.801652032520327
 21
-76.42195843037101
  0
LINE
  5
D0
100
AcDbEntity
  8
12
  6
ByLayer
 62
  256
370
   -1
100
AcDbLine
 10
-8.801652032520327
 20
-76.42195843037101
 11
-9.240091056910567
 21
-77.21260558484254
  0
LINE
  5
D1
100
AcDbEntity
  8
12
  6
ByLayer
 62
  256
370
   -1
100
AcDbLine
 10
-9.240091056910567
 20
-77.21260558484254
 11
-9.70698536585366
 21
-77.99824460923278
  0
LINE
  5
D2
100
AcDbEntity
  8
12
  6
ByLayer
 62
  256
370
   -1
100
AcDbLine
 10
-9.70698536585366
 20
-77.99824460923278
 11
-9.827999999999998
 21
-78.19383485313523
  0
LINE
  5
D3
100
AcDbEntity
  8
12
  6
ByLayer
 62
  256
370
   -1
100
AcDbLine
 10
-9.827999999999998
 20
-78.19383485313523
 11
-11.8608
 21
-77.91142184500515
  0
LINE
  5
D4
100
AcDbEntity
  8
12
  6
ByLayer
 62
  256
370
   -1
100
AcDbLine
 10
-11.8608
 20
-77.91142184500515
 11
-11.92390243902438
 21
-77.69024460923279
  0
LINE
  5
D5
100
AcDbEntity
  8
12
  6
ByLayer
 62
  256
370
   -1
100
AcDbLine
 10
-11.92390243902438
 20
-77.69024460923279
 11
-12.15892032520324
 21
-76.80708363362302
  0
LINE
  5
D6
100
AcDbEntity
  8
12
  6
ByLayer
 62
  256
370
   -1
100
AcDbLine
 10
-12.15892032520324
 20
-76.80708363362302
 11
-12.36525528455284
 21
-75.92683647915149
  0
LINE
  5
D7
100
AcDbEntity
  8
12
  6
ByLayer
 62
  256
370
   -1
100
AcDbLine
 10
-12.36525528455284
 20
-75.92683647915149
 11
-12.54145040650407
 21
-75.05004948728157
  0
LINE
  5
D8
100
AcDbEntity
  8
12
  6
ByLayer
 62
  256
370
   -1
100
AcDbLine
 10
-12.54145040650407
 20
-75.05004948728157
 11
-12.61775609756097
 21
-74.613158430371
  0
LINE
  5
D9
100
AcDbEntity
  8
12
  6
ByLayer
 62
  256
370
   -1
100
AcDbLine
 10
-12.61775609756097
 20
-74.613158430371
 11
-12.65281300813007
 21
-74.39512265801328
  0
LINE
  5
DA
100
AcDbEntity
  8
12
  6
ByLayer
 62
  256
370
   -1
100
AcDbLine
 10
-12.65281300813007
 20
-74.39512265801328
 11
-14.70651056910568
 21
-74.01650802386693
  0
LINE
  5
DB
100
AcDbEntity
  8
12
  6
ByLayer
 62
  256
370
   -1
100
AcDbLine
 10
-14.70651056910568
 20
-74.01650802386693
 11
-14.81705365853658
 21
-74.20772753606205
  0
LINE
  5
DC
100
AcDbEntity
  8
12
  6
ByLayer
 62
  256
370
   -1
100
AcDbLine
 10
-14.81705365853658
 20
-74.20772753606205
 11
-15.04410406504064
 21
-74.58866412142791
  0
LINE
  5
DD
100
AcDbEntity
  8
12
  6
ByLayer
 62
  256
370
   -1
100
AcDbLine
 10
-15.04410406504064
 20
-74.58866412142791
 11
-15.52137886178861
 21
-75.34502834907019
  0
LINE
  5
DE
100
AcDbEntity
  8
12
  6
ByLayer
 62
  256
370
   -1
100
AcDbLine
 10
-15.52137886178861
 20
-75.34502834907019
 11
-16.02801951219512
 21
-76.09383485313523
  0
LINE
  5
DF
100
AcDbEntity
  8
12
  6
ByLayer
 62
  256
370
   -1
100
AcDbLine
 10
-16.02801951219512
 20
-76.09383485313523
 11
-16.56247804878048
 21
-76.83512916207832
  0
LINE
  5
E0
100
AcDbEntity
  8
12
  6
ByLayer
 62
  256
370
   -1
100
AcDbLine
 10
-16.56247804878048
 20
-76.83512916207832
 11
-16.70033821138211
 21
-77.01929176370433
  0
LINE
  5
E1
100
AcDbEntity
  8
12
  6
ByLayer
 62
  256
370
   -1
100
AcDbLine
 10
-16.70033821138211
 20
-77.01929176370433
 11
-18.70022113821137
 21
-76.55827062549295
  0
LINE
  5
E2
100
AcDbEntity
  8
12
  6
ByLayer
 62
  256
370
   -1
100
AcDbLine
 10
-18.70022113821137
 20
-76.55827062549295
 11
-18.74351869918699
 21
-76.33240395882628
  0
LINE
  5
E3
100
AcDbEntity
  8
12
  6
ByLayer
 62
  256
370
   -1
100
AcDbLine
 10
-18.74351869918699
 20
-76.33240395882628
 11
-18.89959024390243
 21
-75.43194217020839
  0
LINE
  5
E4
100
AcDbEntity
  8
12
  6
ByLayer
 62
  256
370
   -1
100
AcDbLine
 10
-18.89959024390243
 20
-75.43194217020839
 11
-19.02725203252032
 21
-74.53689826776937
  0
LINE
  5
E5
100
AcDbEntity
  8
12
  6
ByLayer
 62
  256
370
   -1
100
AcDbLine
 10
-19.02725203252032
 20
-74.53689826776937
 11
-19.12532032520324
 21
-73.64795517833848
  0
LINE
  5
E6
100
AcDbEntity
  8
12
  6
ByLayer
 62
  256
370
   -1
100
AcDbLine
 10
-19.12532032520324
 20
-73.64795517833848
 11
-19.16269918699187
 21
-73.20601046289131
  0
LINE
  5
E7
100
AcDbEntity
  8
12
  6
ByLayer
 62
  256
370
   -1
100
AcDbLine
 10
-19.16269918699187
 20
-73.20601046289131
 11
-19.17836097560974
 21
-72.98574379622465
  0
LINE
  5
E8
100
AcDbEntity
  8
12
  6
ByLayer
 62
  256
370
   -1
100
AcDbLine
 10
-19.17836097560974
 20
-72.98574379622465
 11
-21.19058211382113
 21
-72.42710964988319
  0
LINE
  5
E9
100
AcDbEntity
  8
12
  6
ByLayer
 62
  256
370
   -1
100
AcDbLine
 10
-21.19058211382113
 20
-72.42710964988319
 11
-21.31756097560974
 21
-72.6077665604523
  0
LINE
  5
EA
100
AcDbEntity
  8
12
  6
ByLayer
 62
  256
370
   -1
100
AcDbLine
 10
-21.31756097560974
 20
-72.6077665604523
 11
-21.57739186991869
 21
-72.96721371492384
  0
LINE
  5
EB
100
AcDbEntity
  8
12
  6
ByLayer
 62
  256
370
   -1
100
AcDbLine
 10
-21.57739186991869
 20
-72.96721371492384
 11
-22.11963577235773
 21
-73.67836818646856
  0
LINE
  5
EC
100
AcDbEntity
  8
12
  6
ByLayer
 62
  256
370
   -1
100
AcDbLine
 10
-22.11963577235773
 20
-73.67836818646856
 11
-22.69047154471545
 21
-74.37950639785066
  0
LINE
  5
ED
100
AcDbEntity
  8
12
  6
ByLayer
 62
  256
370
   -1
100
AcDbLine
 10
-22.69047154471545
 20
-74.37950639785066
 11
-23.28835121951219
 21
-75.07067387752546
  0
LINE
  5
EE
100
AcDbEntity
  8
12
  6
ByLayer
 62
  256
370
   -1
100
AcDbLine
 10
-23.28835121951219
 20
-75.07067387752546
 11
-23.44191869918698
 21
-75.24190639785068
  0
LINE
  5
EF
100
AcDbEntity
  8
12
  6
ByLayer
 62
  256
370
   -1
100
AcDbLine
 10
-23.44191869918698
 20
-75.24190639785068
 11
-25.39326829268293
 21
-74.60596493443603
  0
LINE
  5
F0
100
AcDbEntity
  8
12
  6
ByLayer
 62
  256
370
   -1
100
AcDbLine
 10
-25.39326829268293
 20
-74.60596493443603
 11
-25.41644227642276
 21
-74.37713891817587
  0
LINE
  5
F1
100
AcDbEntity
  8
12
  6
ByLayer
 62
  256
370
   -1
100
AcDbLine
 10
-25.41644227642276
 20
-74.37713891817587
 11
-25.49229268292682
 21
-73.46638769866368
  0
LINE
  5
F2
100
AcDbEntity
  8
12
  6
ByLayer
 62
  256
370
   -1
100
AcDbLine
 10
-25.49229268292682
 20
-73.46638769866368
 11
-25.5404162601626
 21
-72.563558430371
  0
LINE
  5
F3
100
AcDbEntity
  8
12
  6
ByLayer
 62
  256
370
   -1
100
AcDbLine
 10
-25.5404162601626
 20
-72.563558430371
 11
-25.55949268292683
 21
-71.66947062549295
  0
LINE
  5
F4
100
AcDbEntity
  8
12
  6
ByLayer
 62
  256
370
   -1
100
AcDbLine
 10
-25.55949268292683
 20
-71.66947062549295
 11
-25.55767154471544
 21
-71.22593241411083
  0
LINE
  5
F5
100
AcDbEntity
  8
12
  6
ByLayer
 62
  256
370
   -1
100
AcDbLine
 10
-25.55767154471544
 20
-71.22593241411083
 11
-25.55380162601625
 21
-71.00511940598075
  0
LINE
  5
F6
100
AcDbEntity
  8
12
  6
ByLayer
 62
  256
370
   -1
100
AcDbLine
 10
-25.55380162601625
 20
-71.00511940598075
 11
-27.50874796747967
 21
-70.27088200760677
  0
LINE
  5
F7
100
AcDbEntity
  8
12
  6
ByLayer
 62
  256
370
   -1
100
AcDbLine
 10
-27.50874796747967
 20
-70.27088200760677
 11
-27.65120650406503
 21
-70.43961046289132
  0
LINE
  5
F8
100
AcDbEntity
  8
12
  6
ByLayer
 62
  256
370
   -1
100
AcDbLine
 10
-27.65120650406503
 20
-70.43961046289132
 11
-27.94181463414633
 21
-70.77465436533035
  0
LINE
  5
F9
100
AcDbEntity
  8
12
  6
ByLayer
 62
  256
370
   -1
100
AcDbLine
 10
-27.94181463414633
 20
-70.77465436533035
 11
-28.54479349593496
 21
-71.43513566614335
  0
LINE
  5
FA
100
AcDbEntity
  8
12
  6
ByLayer
 62
  256
370
   -1
100
AcDbLine
 10
-28.54479349593496
 20
-71.43513566614335
 11
-29.17536260162602
 21
-72.08305111329783
  0
LINE
  5
FB
100
AcDbEntity
  8
12
  6
ByLayer
 62
  256
370
   -1
100
AcDbLine
 10
-29.17536260162602
 20
-72.08305111329783
 11
-29.83197398373983
 21
-72.71867387752548
  0
LINE
  5
FC
100
AcDbEntity
  8
12
  6
ByLayer
 62
  256
370
   -1
100
AcDbLine
 10
-29.83197398373983
 20
-72.71867387752548
 11
-30.00011056910569
 21
-72.8756559913466
  0
LINE
  5
FD
100
AcDbEntity
  8
12
  6
ByLayer
 62
  256
370
   -1
100
AcDbLine
 10
-30.00011056910569
 20
-72.8756559913466
 11
-31.8875837398374
 21
-72.06975680435474
  0
LINE
  5
FE
100
AcDbEntity
  8
12
  6
ByLayer
 62
  256
370
   -1
100
AcDbLine
 10
-31.8875837398374
 20
-72.06975680435474
 11
-31.89045203252032
 21
-71.83979257671245
  0
LINE
  5
FF
100
AcDbEntity
  8
12
  6
ByLayer
 62
  256
370
   -1
100
AcDbLine
 10
-31.89045203252032
 20
-71.83979257671245
 11
-31.88553495934959
 21
-70.92589989378563
  0
LINE
  5
100
100
AcDbEntity
  8
12
  6
ByLayer
 62
  256
370
   -1
100
AcDbLine
 10
-31.88553495934959
 20
-70.92589989378563
 11
-31.85361951219512
 21
-70.02234217020839
  0
LINE
  5
101
100
AcDbEntity
  8
12
  6
ByLayer
 62
  256
370
   -1
100
AcDbLine
 10
-31.85361951219512
 20
-70.02234217020839
 11
-31.79361300813008
 21
-69.13002997508644
  0
LINE
  5
102
100
AcDbEntity
  8
12
  6
ByLayer
 62
  256
370
   -1
100
AcDbLine
 10
-31.79361300813008
 20
-69.13002997508644
 11
-31.7525918699187
 21
-68.68844948728156
  0
LINE
  5
103
100
AcDbEntity
  8
12
  6
ByLayer
 62
  256
370
   -1
100
AcDbLine
 10
-31.7525918699187
 20
-68.68844948728156
 11
-31.72923577235772
 21
-68.46882021898888
  0
LINE
  5
104
100
AcDbEntity
  8
12
  6
ByLayer
 62
  256
370
   -1
100
AcDbLine
 10
-31.72923577235772
 20
-68.46882021898888
 11
-33.61165528455285
 21
-67.56467062549295
  0
LINE
  5
105
100
AcDbEntity
  8
12
  6
ByLayer
 62
  256
370
   -1
100
AcDbLine
 10
-33.61165528455285
 20
-67.56467062549295
 11
-33.76845528455285
 21
-67.7201503002897
  0
LINE
  5
106
100
AcDbEntity
  8
12
  6
ByLayer
 62
  256
370
   -1
100
AcDbLine
 10
-33.76845528455285
 20
-67.7201503002897
 11
-34.08751869918699
 21
-68.02819582874498
  0
LINE
  5
107
100
AcDbEntity
  8
12
  6
ByLayer
 62
  256
370
   -1
100
AcDbLine
 10
-34.08751869918699
 20
-68.02819582874498
 11
-34.74654308943089
 21
-68.63281371492384
  0
LINE
  5
108
100
AcDbEntity
  8
12
  6
ByLayer
 62
  256
370
   -1
100
AcDbLine
 10
-34.74654308943089
 20
-68.63281371492384
 11
-35.43188292682927
 21
-69.22245273931408
  0
LINE
  5
109
100
AcDbEntity
  8
12
  6
ByLayer
 62
  256
370
   -1
100
AcDbLine
 10
-35.43188292682927
 20
-69.22245273931408
 11
-36.14212682926829
 21
-69.79756818646855
  0
LINE
  5
10A
100
AcDbEntity
  8
12
  6
ByLayer
 62
  256
370
   -1
100
AcDbLine
 10
-36.14212682926829
 20
-69.79756818646855
 11
-36.32346666666667
 21
-69.93907062549295
  0
LINE
  5
10B
100
AcDbEntity
  8
12
  6
ByLayer
 62
  256
370
   -1
100
AcDbLine
 10
-36.32346666666667
 20
-69.93907062549295
 11
-38.13231219512194
 21
-68.96949664175311
  0
LINE
  5
10C
100
AcDbEntity
  8
12
  6
ByLayer
 62
  256
370
   -1
100
AcDbLine
 10
-38.13231219512194
 20
-68.96949664175311
 11
-38.11487479674797
 21
-68.74016981248481
  0
LINE
  5
10D
100
AcDbEntity
  8
12
  6
ByLayer
 62
  256
370
   -1
100
AcDbLine
 10
-38.11487479674797
 20
-68.74016981248481
 11
-38.02919024390243
 21
-67.83032916207831
  0
LINE
  5
10E
100
AcDbEntity
  8
12
  6
ByLayer
 62
  256
370
   -1
100
AcDbLine
 10
-38.02919024390243
 20
-67.83032916207831
 11
-37.91755447154471
 21
-66.93309989378564
  0
LINE
  5
10F
100
AcDbEntity
  8
12
  6
ByLayer
 62
  256
370
   -1
100
AcDbLine
 10
-37.91755447154471
 20
-66.93309989378564
 11
-37.77892032520324
 21
-66.04962021898888
  0
LINE
  5
110
100
AcDbEntity
  8
12
  6
ByLayer
 62
  256
370
   -1
100
AcDbLine
 10
-37.77892032520324
 20
-66.04962021898888
 11
-37.69906341463413
 21
-65.61336656045231
  0
LINE
  5
111
100
AcDbEntity
  8
12
  6
ByLayer
 62
  256
370
   -1
100
AcDbLine
 10
-37.69906341463413
 20
-65.61336656045231
 11
-37.65635772357722
 21
-65.39665111329782
  0
LINE
  5
112
100
AcDbEntity
  8
12
  6
ByLayer
 62
  256
370
   -1
100
AcDbLine
 10
-37.65635772357722
 20
-65.39665111329782
 11
-39.45149918699186
 21
-64.32964623524904
  0
LINE
  5
113
100
AcDbEntity
  8
12
  6
ByLayer
 62
  256
370
   -1
100
AcDbLine
 10
-39.45149918699186
 20
-64.32964623524904
 11
-39.6214569105691
 21
-64.47069338972059
  0
LINE
  5
114
100
AcDbEntity
  8
12
  6
ByLayer
 62
  256
370
   -1
100
AcDbLine
 10
-39.6214569105691
 20
-64.47069338972059
 11
-39.96647154471543
 21
-64.74932753606205
  0
LINE
  5
115
100
AcDbEntity
  8
12
  6
ByLayer
 62
  256
370
   -1
100
AcDbLine
 10
-39.96647154471543
 20
-64.74932753606205
 11
-40.67635121951219
 21
-65.29334704825717
  0
LINE
  5
116
100
AcDbEntity
  8
12
  6
ByLayer
 62
  256
370
   -1
100
AcDbLine
 10
-40.67635121951219
 20
-65.29334704825717
 11
-41.4111349593496
 21
-65.82011127589945
  0
LINE
  5
117
100
AcDbEntity
  8
12
  6
ByLayer
 62
  256
370
   -1
100
AcDbLine
 10
-41.4111349593496
 20
-65.82011127589945
 11
-42.16941138211381
 21
-66.3301665604523
  0
LINE
  5
118
100
AcDbEntity
  8
12
  6
ByLayer
 62
  256
370
   -1
100
AcDbLine
 10
-42.16941138211381
 20
-66.3301665604523
 11
-42.36254308943088
 21
-66.45514217020839
  0
LINE
  5
119
100
AcDbEntity
  8
12
  6
ByLayer
 62
  256
370
   -1
100
AcDbLine
 10
-42.36254308943088
 20
-66.45514217020839
 11
-44.07864715447154
 21
-65.32949664175311
  0
LINE
  5
11A
100
AcDbEntity
  8
12
  6
ByLayer
 62
  256
370
   -1
100
AcDbLine
 10
-44.07864715447154
 20
-65.32949664175311
 11
-44.04099512195122
 21
-65.1025828206149
  0
LINE
  5
11B
100
AcDbEntity
  8
12
  6
ByLayer
 62
  256
370
   -1
100
AcDbLine
 10
-44.04099512195122
 20
-65.1025828206149
 11
-43.87522601626016
 21
-64.20385111329783
  0
LINE
  5
11C
100
AcDbEntity
  8
12
  6
ByLayer
 62
  256
370
   -1
100
AcDbLine
 10
-43.87522601626016
 20
-64.20385111329783
 11
-43.68473495934959
 21
-63.32005273931408
  0
LINE
  5
11D
100
AcDbEntity
  8
12
  6
ByLayer
 62
  256
370
   -1
100
AcDbLine
 10
-43.68473495934959
 20
-63.32005273931408
 11
-43.46856585365853
 21
-62.45223485313522
  0
LINE
  5
11E
100
AcDbEntity
  8
12
  6
ByLayer
 62
  256
370
   -1
100
AcDbLine
 10
-43.46856585365853
 20
-62.45223485313522
 11
-43.35041951219511
 21
-62.02472265801327
  0
LINE
  5
11F
100
AcDbEntity
  8
12
  6
ByLayer
 62
  256
370
   -1
100
AcDbLine
 10
-43.35041951219511
 20
-62.02472265801327
 11
-43.28877398373983
 21
-61.81269664175311
  0
LINE
  5
120
100
AcDbEntity
  8
12
  6
ByLayer
 62
  256
370
   -1
100
AcDbLine
 10
-43.28877398373983
 20
-61.81269664175311
 11
-44.98256910569106
 21
-60.59121371492385
  0
LINE
  5
121
100
AcDbEntity
  8
12
  6
ByLayer
 62
  256
370
   -1
100
AcDbLine
 10
-44.98256910569106
 20
-60.59121371492385
 11
-45.16431869918699
 21
-60.71664460923279
  0
LINE
  5
122
100
AcDbEntity
  8
12
  6
ByLayer
 62
  256
370
   -1
100
AcDbLine
 10
-45.16431869918699
 20
-60.71664460923279
 11
-45.53264390243902
 21
-60.96372753606204
  0
LINE
  5
123
100
AcDbEntity
  8
12
  6
ByLayer
 62
  256
370
   -1
100
AcDbLine
 10
-45.53264390243902
 20
-60.96372753606204
 11
-46.28782439024391
 21
-61.44286899947669
  0
LINE
  5
124
100
AcDbEntity
  8
12
  6
ByLayer
 62
  256
370
   -1
100
AcDbLine
 10
-46.28782439024391
 20
-61.44286899947669
 11
-47.06626991869917
 21
-61.9026153409401
  0
LINE
  5
125
100
AcDbEntity
  8
12
  6
ByLayer
 62
  256
370
   -1
100
AcDbLine
 10
-47.06626991869917
 20
-61.9026153409401
 11
-47.86670569105691
 21
-62.34369501573685
  0
LINE
  5
126
100
AcDbEntity
  8
12
  6
ByLayer
 62
  256
370
   -1
100
AcDbLine
 10
-47.86670569105691
 20
-62.34369501573685
 11
-48.070081300813
 21
-62.45105111329783
  0
LINE
  5
127
100
AcDbEntity
  8
12
  6
ByLayer
 62
  256
370
   -1
100
AcDbLine
 10
-48.070081300813
 20
-62.45105111329783
 11
-49.68001300813008
 21
-61.1781665604523
  0
LINE
  5
128
100
AcDbEntity
  8
12
  6
ByLayer
 62
  256
370
   -1
100
AcDbLine
 10
-49.68001300813008
 20
-61.1781665604523
 11
-49.62241951219512
 21
-60.95548688565555
  0
LINE
  5
129
100
AcDbEntity
  8
12
  6
ByLayer
 62
  256
370
   -1
100
AcDbLine
 10
-49.62241951219512
 20
-60.95548688565555
 11
-49.37788617886179
 21
-60.07492103199701
  0
LINE
  5
12A
100
AcDbEntity
  8
12
  6
ByLayer
 62
  256
370
   -1
100
AcDbLine
 10
-49.37788617886179
 20
-60.07492103199701
 11
-49.11004227642276
 21
-59.2113828206149
  0
LINE
  5
12B
100
AcDbEntity
  8
12
  6
ByLayer
 62
  256
370
   -1
100
AcDbLine
 10
-49.11004227642276
 20
-59.2113828206149
 11
-48.81802276422763
 21
-58.36610151980189
  0
LINE
  5
12C
100
AcDbEntity
  8
12
  6
ByLayer
 62
  256
370
   -1
100
AcDbLine
 10
-48.81802276422763
 20
-58.36610151980189
 11
-48.66254308943089
 21
-57.95069989378563
  0
LINE
  5
12D
100
AcDbEntity
  8
12
  6
ByLayer
 62
  256
370
   -1
100
AcDbLine
 10
-48.66254308943089
 20
-57.95069989378563
 11
-48.58241300813007
 21
-57.74495680435474
  0
LINE
  5
12E
100
AcDbEntity
  8
12
  6
ByLayer
 62
  256
370
   -1
100
AcDbLine
 10
-48.58241300813007
 20
-57.74495680435474
 11
-50.16161300813006
 21
-56.37851127589945
  0
LINE
  5
12F
100
AcDbEntity
  8
12
  6
ByLayer
 62
  256
370
   -1
100
AcDbLine
 10
-50.16161300813006
 20
-56.37851127589945
 11
-50.35374308943089
 21
-56.48746086939538
  0
LINE
  5
130
100
AcDbEntity
  8
12
  6
ByLayer
 62
  256
370
   -1
100
AcDbLine
 10
-50.35374308943089
 20
-56.48746086939538
 11
-50.7424650406504
 21
-56.70098932467993
  0
LINE
  5
131
100
AcDbEntity
  8
12
  6
ByLayer
 62
  256
370
   -1
100
AcDbLine
 10
-50.7424650406504
 20
-56.70098932467993
 11
-51.53698211382112
 21
-57.11147387752547
  0
LINE
  5
132
100
AcDbEntity
  8
12
  6
ByLayer
 62
  256
370
   -1
100
AcDbLine
 10
-51.53698211382112
 20
-57.11147387752547
 11
-52.35303414634144
 21
-57.50069664175311
  0
LINE
  5
133
100
AcDbEntity
  8
12
  6
ByLayer
 62
  256
370
   -1
100
AcDbLine
 10
-52.35303414634144
 20
-57.50069664175311
 11
-53.18930081300812
 21
-57.86924948728157
  0
LINE
  5
134
100
AcDbEntity
  8
12
  6
ByLayer
 62
  256
370
   -1
100
AcDbLine
 10
-53.18930081300812
 20
-57.86924948728157
 11
-53.40141788617885
 21
-57.95825761736287
  0
LINE
  5
135
100
AcDbEntity
  8
12
  6
ByLayer
 62
  256
370
   -1
100
AcDbLine
 10
-53.40141788617885
 20
-57.95825761736287
 11
-54.89252032520324
 21
-56.54805924337912
  0
LINE
  5
136
100
AcDbEntity
  8
12
  6
ByLayer
 62
  256
370
   -1
100
AcDbLine
 10
-54.89252032520324
 20
-56.54805924337912
 11
-54.81548617886178
 21
-56.33129826776937
  0
LINE
  5
137
100
AcDbEntity
  8
12
  6
ByLayer
 62
  256
370
   -1
100
AcDbLine
 10
-54.81548617886178
 20
-56.33129826776937
 11
-54.49405528455283
 21
-55.47581859297262
  0
LINE
  5
138
100
AcDbEntity
  8
12
  6
ByLayer
 62
  256
370
   -1
100
AcDbLine
 10
-54.49405528455283
 20
-55.47581859297262
 11
-54.15095284552844
 21
-54.63932428402953
  0
LINE
  5
139
100
AcDbEntity
  8
12
  6
ByLayer
 62
  256
370
   -1
100
AcDbLine
 10
-54.15095284552844
 20
-54.63932428402953
 11
-53.78535934959349
 21
-53.82313566614336
  0
LINE
  5
13A
100
AcDbEntity
  8
12
  6
ByLayer
 62
  256
370
   -1
100
AcDbLine
 10
-53.78535934959349
 20
-53.82313566614336
 11
-53.59382113821136
 21
-53.42312265801328
  0
LINE
  5
13B
100
AcDbEntity
  8
12
  6
ByLayer
 62
  256
370
   -1
100
AcDbLine
 10
-53.59382113821136
 20
-53.42312265801328
 11
-53.49579837398372
 21
-53.2252559913466
  0
LINE
  5
13C
100
AcDbEntity
  8
12
  6
ByLayer
 62
  256
370
   -1
100
AcDbLine
 10
-53.49579837398372
 20
-53.2252559913466
 11
-54.94806504065039
 21
-51.72463810516774
  0
LINE
  5
13D
100
AcDbEntity
  8
12
  6
ByLayer
 62
  256
370
   -1
100
AcDbLine
 10
-54.94806504065039
 20
-51.72463810516774
 11
-55.14907317073169
 21
-51.81610477183441
  0
LINE
  5
13E
100
AcDbEntity
  8
12
  6
ByLayer
 62
  256
370
   -1
100
AcDbLine
 10
-55.14907317073169
 20
-51.81610477183441
 11
-55.55514146341462
 21
-51.9944852596393
  0
LINE
  5
13F
100
AcDbEntity
  8
12
  6
ByLayer
 62
  256
370
   -1
100
AcDbLine
 10
-55.55514146341462
 20
-51.9944852596393
 11
-56.38284878048779
 21
-52.33317143850107
  0
LINE
  5
140
100
AcDbEntity
  8
12
  6
ByLayer
 62
  256
370
   -1
100
AcDbLine
 10
-56.38284878048779
 20
-52.33317143850107
 11
-57.23008780487803
 21
-52.64868363362303
  0
LINE
  5
141
100
AcDbEntity
  8
12
  6
ByLayer
 62
  256
370
   -1
100
AcDbLine
 10
-57.23008780487803
 20
-52.64868363362303
 11
-58.09567479674796
 21
-52.94193241411082
  0
LINE
  5
142
100
AcDbEntity
  8
12
  6
ByLayer
 62
  256
370
   -1
100
AcDbLine
 10
-58.09567479674796
 20
-52.94193241411082
 11
-58.31480325203251
 21
-53.01181859297262
  0
LINE
  5
143
100
AcDbEntity
  8
12
  6
ByLayer
 62
  256
370
   -1
100
AcDbLine
 10
-58.31480325203251
 20
-53.01181859297262
 11
-59.67542113821136
 21
-51.47536981248481
  0
LINE
  5
144
100
AcDbEntity
  8
12
  6
ByLayer
 62
  256
370
   -1
100
AcDbLine
 10
-59.67542113821136
 20
-51.47536981248481
 11
-59.5795382113821
 21
-51.26630314581814
  0
LINE
  5
145
100
AcDbEntity
  8
12
  6
ByLayer
 62
  256
370
   -1
100
AcDbLine
 10
-59.5795382113821
 20
-51.26630314581814
 11
-59.18380487804877
 21
-50.44255680435472
  0
LINE
  5
146
100
AcDbEntity
  8
12
  6
ByLayer
 62
  256
370
   -1
100
AcDbLine
 10
-59.18380487804877
 20
-50.44255680435472
 11
-58.76808455284552
 21
-49.63966249541163
  0
LINE
  5
147
100
AcDbEntity
  8
12
  6
ByLayer
 62
  256
370
   -1
100
AcDbLine
 10
-58.76808455284552
 20
-49.63966249541163
 11
-58.33178536585365
 21
-48.85898607264741
  0
LINE
  5
148
100
AcDbEntity
  8
12
  6
ByLayer
 62
  256
370
   -1
100
AcDbLine
 10
-58.33178536585365
 20
-48.85898607264741
 11
-58.10564552845526
 21
-48.47745761736286
  0
LINE
  5
149
100
AcDbEntity
  8
12
  6
ByLayer
 62
  256
370
   -1
100
AcDbLine
 10
-58.10564552845526
 20
-48.47745761736286
 11
-57.99050406504064
 21
-48.2890153409401
  0
LINE
  5
14A
100
AcDbEntity
  8
12
  6
ByLayer
 62
  256
370
   -1
100
AcDbLine
 10
-57.99050406504064
 20
-48.2890153409401
 11
-59.30445528455283
 21
-46.6658803815905
  0
LINE
  5
14B
100
AcDbEntity
  8
12
  6
ByLayer
 62
  256
370
   -1
100
AcDbLine
 10
-59.30445528455283
 20
-46.6658803815905
 11
-59.51274796747967
 21
-46.73927225150921
  0
LINE
  5
14C
100
AcDbEntity
  8
12
  6
ByLayer
 62
  256
370
   -1
100
AcDbLine
 10
-59.51274796747967
 20
-46.73927225150921
 11
-59.93302113821137
 21
-46.88104786126529
  0
LINE
  5
14D
100
AcDbEntity
  8
12
  6
ByLayer
 62
  256
370
   -1
100
AcDbLine
 10
-59.93302113821137
 20
-46.88104786126529
 11
-60.78740813008129
 21
-47.14524948728156
  0
LINE
  5
14E
100
AcDbEntity
  8
12
  6
ByLayer
 62
  256
370
   -1
100
AcDbLine
 10
-60.78740813008129
 20
-47.14524948728156
 11
-61.6592325203252
 21
-47.38468363362303
  0
LINE
  5
14F
100
AcDbEntity
  8
12
  6
ByLayer
 62
  256
370
   -1
100
AcDbLine
 10
-61.6592325203252
 20
-47.38468363362303
 11
-62.54735609756096
 21
-47.60026086939538
  0
LINE
  5
150
100
AcDbEntity
  8
12
  6
ByLayer
 62
  256
370
   -1
100
AcDbLine
 10
-62.54735609756096
 20
-47.60026086939538
 11
-62.77181138211382
 21
-47.65052428402952
  0
LINE
  5
151
100
AcDbEntity
  8
12
  6
ByLayer
 62
  256
370
   -1
100
AcDbLine
 10
-62.77181138211382
 20
-47.65052428402952
 11
-63.99133658536584
 21
-45.99979908077749
  0
LINE
  5
152
100
AcDbEntity
  8
12
  6
ByLayer
 62
  256
370
   -1
100
AcDbLine
 10
-63.99133658536584
 20
-45.99979908077749
 11
-63.87733333333333
 21
-45.80002021898888
  0
LINE
  5
153
100
AcDbEntity
  8
12
  6
ByLayer
 62
  256
370
   -1
100
AcDbLine
 10
-63.87733333333333
 20
-45.80002021898888
 11
-63.41030243902438
 21
-45.0144722515092
  0
LINE
  5
154
100
AcDbEntity
  8
12
  6
ByLayer
 62
  256
370
   -1
100
AcDbLine
 10
-63.41030243902438
 20
-45.0144722515092
 11
-62.92528780487804
 21
-44.25146086939538
  0
LINE
  5
155
100
AcDbEntity
  8
12
  6
ByLayer
 62
  256
370
   -1
100
AcDbLine
 10
-62.92528780487804
 20
-44.25146086939538
 11
-62.42169756097559
 21
-43.51239745476123
  0
LINE
  5
156
100
AcDbEntity
  8
12
  6
ByLayer
 62
  256
370
   -1
100
AcDbLine
 10
-62.42169756097559
 20
-43.51239745476123
 11
-62.16273170731706
 21
-43.15235843037099
  0
LINE
  5
157
100
AcDbEntity
  8
12
  6
ByLayer
 62
  256
370
   -1
100
AcDbLine
 10
-62.16273170731706
 20
-43.15235843037099
 11
-62.03138211382113
 21
-42.97484298321652
  0
LINE
  5
158
100
AcDbEntity
  8
12
  6
ByLayer
 62
  256
370
   -1
100
AcDbLine
 10
-62.03138211382113
 20
-42.97484298321652
 11
-63.19672845528456
 21
-41.24193891817586
  0
LINE
  5
159
100
AcDbEntity
  8
12
  6
ByLayer
 62
  256
370
   -1
100
AcDbLine
 10
-63.19672845528456
 20
-41.24193891817586
 11
-63.41071219512194
 21
-41.29661859297261
  0
LINE
  5
15A
100
AcDbEntity
  8
12
  6
ByLayer
 62
  256
370
   -1
100
AcDbLine
 10
-63.41071219512194
 20
-41.29661859297261
 11
-63.84182113821137
 21
-41.40069664175311
  0
LINE
  5
15B
100
AcDbEntity
  8
12
  6
ByLayer
 62
  256
370
   -1
100
AcDbLine
 10
-63.84182113821137
 20
-41.40069664175311
 11
-64.71624065040648
 21
-41.58836493443603
  0
LINE
  5
15C
100
AcDbEntity
  8
12
  6
ByLayer
 62
  256
370
   -1
100
AcDbLine
 10
-64.71624065040648
 20
-41.58836493443603
 11
-65.60582113821137
 21
-41.74980883687505
  0
LINE
  5
15D
100
AcDbEntity
  8
12
  6
ByLayer
 62
  256
370
   -1
100
AcDbLine
 10
-65.60582113821137
 20
-41.74980883687505
 11
-66.50951544715446
 21
-41.88602997508644
  0
LINE
  5
15E
100
AcDbEntity
  8
12
  6
ByLayer
 62
  256
370
   -1
100
AcDbLine
 10
-66.50951544715446
 20
-41.88602997508644
 11
-66.73752195121951
 21
-41.91626086939538
  0
LINE
  5
15F
100
AcDbEntity
  8
12
  6
ByLayer
 62
  256
370
   -1
100
AcDbLine
 10
-66.73752195121951
 20
-41.91626086939538
 11
-67.80639349593494
 21
-40.16423485313522
  0
LINE
  5
160
100
AcDbEntity
  8
12
  6
ByLayer
 62
  256
370
   -1
100
AcDbLine
 10
-67.80639349593494
 20
-40.16423485313522
 11
-67.67518048780485
 21
-39.9753372921596
  0
LINE
  5
161
100
AcDbEntity
  8
12
  6
ByLayer
 62
  256
370
   -1
100
AcDbLine
 10
-67.67518048780485
 20
-39.9753372921596
 11
-67.14053983739835
 21
-39.23413404012709
  0
LINE
  5
162
100
AcDbEntity
  8
12
  6
ByLayer
 62
  256
370
   -1
100
AcDbLine
 10
-67.14053983739835
 20
-39.23413404012709
 11
-66.59000975609754
 21
-38.51696981248481
  0
LINE
  5
163
100
AcDbEntity
  8
12
  6
ByLayer
 62
  256
370
   -1
100
AcDbLine
 10
-66.59000975609754
 20
-38.51696981248481
 11
-66.02304390243901
 21
-37.82530151980188
  0
LINE
  5
164
100
AcDbEntity
  8
12
  6
ByLayer
 62
  256
370
   -1
100
AcDbLine
 10
-66.02304390243901
 20
-37.82530151980188
 11
-65.73325528455281
 21
-37.48957469053359
  0
LINE
  5
165
100
AcDbEntity
  8
12
  6
ByLayer
 62
  256
370
   -1
100
AcDbLine
 10
-65.73325528455281
 20
-37.48957469053359
 11
-65.58674471544714
 21
-37.32435192630595
  0
LINE
  5
166
100
AcDbEntity
  8
12
  6
ByLayer
 62
  256
370
   -1
100
AcDbLine
 10
-65.58674471544714
 20
-37.32435192630595
 11
-66.59442601626016
 21
-35.49524623524903
  0
LINE
  5
167
100
AcDbEntity
  8
12
  6
ByLayer
 62
  256
370
   -1
100
AcDbLine
 10
-66.59442601626016
 20
-35.49524623524903
 11
-66.81237073170729
 21
-35.53080395882627
  0
LINE
  5
168
100
AcDbEntity
  8
12
  6
ByLayer
 62
  256
370
   -1
100
AcDbLine
 10
-66.81237073170729
 20
-35.53080395882627
 11
-67.25099186991869
 21
-35.59636493443602
  0
LINE
  5
169
100
AcDbEntity
  8
12
  6
ByLayer
 62
  256
370
   -1
100
AcDbLine
 10
-67.25099186991869
 20
-35.59636493443602
 11
-68.13861463414632
 21
-35.70599745476122
  0
LINE
  5
16A
100
AcDbEntity
  8
12
  6
ByLayer
 62
  256
370
   -1
100
AcDbLine
 10
-68.13861463414632
 20
-35.70599745476122
 11
-69.03893983739835
 21
-35.78817631654984
  0
LINE
  5
16B
100
AcDbEntity
  8
12
  6
ByLayer
 62
  256
370
   -1
100
AcDbLine
 10
-69.03893983739835
 20
-35.78817631654984
 11
-69.95114796747966
 21
-35.844039731184
  0
LINE
  5
16C
100
AcDbEntity
  8
12
  6
ByLayer
 62
  256
370
   -1
100
AcDbLine
 10
-69.95114796747966
 20
-35.844039731184
 11
-70.18093008130079
 21
-35.85396493443603
  0
LINE
  5
16D
100
AcDbEntity
  8
12
  6
ByLayer
 62
  256
370
   -1
100
AcDbLine
 10
-70.18093008130079
 20
-35.85396493443603
 11
-71.09077073170729
 21
-34.01434217020839
  0
LINE
  5
16E
100
AcDbEntity
  8
12
  6
ByLayer
 62
  256
370
   -1
100
AcDbLine
 10
-71.09077073170729
 20
-34.01434217020839
 11
-70.9433951219512
 21
-33.8377372921596
  0
LINE
  5
16F
100
AcDbEntity
  8
12
  6
ByLayer
 62
  256
370
   -1
100
AcDbLine
 10
-70.9433951219512
 20
-33.8377372921596
 11
-70.34533333333331
 21
-33.14670639785066
  0
LINE
  5
170
100
AcDbEntity
  8
12
  6
ByLayer
 62
  256
370
   -1
100
AcDbLine
 10
-70.34533333333331
 20
-33.14670639785066
 11
-69.73356747967479
 21
-32.48103485313521
  0
LINE
  5
171
100
AcDbEntity
  8
12
  6
ByLayer
 62
  256
370
   -1
100
AcDbLine
 10
-69.73356747967479
 20
-32.48103485313521
 11
-69.1077333333333
 21
-31.84217956858237
  0
LINE
  5
172
100
AcDbEntity
  8
12
  6
ByLayer
 62
  256
370
   -1
100
AcDbLine
 10
-69.1077333333333
 20
-31.84217956858237
 11
-68.78939837398373
 21
-31.53336005638725
  0
LINE
  5
173
100
AcDbEntity
  8
12
  6
ByLayer
 62
  256
370
   -1
100
AcDbLine
 10
-68.78939837398373
 20
-31.53336005638725
 11
-68.62881951219509
 21
-31.3817047718344
  0
LINE
  5
174
100
AcDbEntity
  8
12
  6
ByLayer
 62
  256
370
   -1
100
AcDbLine
 10
-68.62881951219509
 20
-31.3817047718344
 11
-69.4709138211382
 21
-29.47069338972058
  0
LINE
  5
175
100
AcDbEntity
  8
12
  6
ByLayer
 62
  256
370
   -1
100
AcDbLine
 10
-69.4709138211382
 20
-29.47069338972058
 11
-69.69113495934957
 21
-29.48685599134659
  0
LINE
  5
176
100
AcDbEntity
  8
12
  6
ByLayer
 62
  256
370
   -1
100
AcDbLine
 10
-69.69113495934957
 20
-29.48685599134659
 11
-70.13385365853657
 21
-29.5133990807775
  0
LINE
  5
177
100
AcDbEntity
  8
12
  6
ByLayer
 62
  256
370
   -1
100
AcDbLine
 10
-70.13385365853657
 20
-29.5133990807775
 11
-71.0276682926829
 21
-29.54417631654985
  0
LINE
  5
178
100
AcDbEntity
  8
12
  6
ByLayer
 62
  256
370
   -1
100
AcDbLine
 10
-71.0276682926829
 20
-29.54417631654985
 11
-71.93177235772356
 21
-29.54645273931407
  0
LINE
  5
179
100
AcDbEntity
  8
12
  6
ByLayer
 62
  256
370
   -1
100
AcDbLine
 10
-71.93177235772356
 20
-29.54645273931407
 11
-72.84530081300812
 21
-29.52145761736286
  0
LINE
  5
17A
100
AcDbEntity
  8
12
  6
ByLayer
 62
  256
370
   -1
100
AcDbLine
 10
-72.84530081300812
 20
-29.52145761736286
 11
-73.07508292682924
 21
-29.51107712955798
  0
LINE
  5
17B
100
AcDbEntity
  8
12
  6
ByLayer
 62
  256
370
   -1
100
AcDbLine
 10
-73.07508292682924
 20
-29.51107712955798
 11
-73.81874471544715
 21
-27.5981990807775
  0
LINE
  5
17C
100
AcDbEntity
  8
12
  6
ByLayer
 62
  256
370
   -1
100
AcDbLine
 10
-73.81874471544715
 20
-27.5981990807775
 11
-73.65634471544715
 21
-27.43534379622465
  0
LINE
  5
17D
100
AcDbEntity
  8
12
  6
ByLayer
 62
  256
370
   -1
100
AcDbLine
 10
-73.65634471544715
 20
-27.43534379622465
 11
-72.99959674796747
 21
-26.79985761736286
  0
LINE
  5
17E
100
AcDbEntity
  8
12
  6
ByLayer
 62
  256
370
   -1
100
AcDbLine
 10
-72.99959674796747
 20
-26.79985761736286
 11
-72.33137560975607
 21
-26.19086899947668
  0
LINE
  5
17F
100
AcDbEntity
  8
12
  6
ByLayer
 62
  256
370
   -1
100
AcDbLine
 10
-72.33137560975607
 20
-26.19086899947668
 11
-71.65149918699184
 21
-25.60983485313522
  0
LINE
  5
180
100
AcDbEntity
  8
12
  6
ByLayer
 62
  256
370
   -1
100
AcDbLine
 10
-71.65149918699184
 20
-25.60983485313522
 11
-71.30712195121949
 21
-25.33033566614335
  0
LINE
  5
181
100
AcDbEntity
  8
12
  6
ByLayer
 62
  256
370
   -1
100
AcDbLine
 10
-71.30712195121949
 20
-25.33033566614335
 11
-71.13379512195121
 21
-25.19347712955798
  0
LINE
  5
182
100
AcDbEntity
  8
12
  6
ByLayer
 62
  256
370
   -1
100
AcDbLine
 10
-71.13379512195121
 20
-25.19347712955798
 11
-71.80365528455282
 21
-23.21553891817587
  0
LINE
  5
183
100
AcDbEntity
  8
12
  6
ByLayer
 62
  256
370
   -1
100
AcDbLine
 10
-71.80365528455282
 20
-23.21553891817587
 11
-72.02446829268293
 21
-23.21216981248481
  0
LINE
  5
184
100
AcDbEntity
  8
12
  6
ByLayer
 62
  256
370
   -1
100
AcDbLine
 10
-72.02446829268293
 20
-23.21216981248481
 11
-72.4678243902439
 21
-23.19946737346042
  0
LINE
  5
185
100
AcDbEntity
  8
12
  6
ByLayer
 62
  256
370
   -1
100
AcDbLine
 10
-72.4678243902439
 20
-23.19946737346042
 11
-73.36081951219512
 21
-23.15111615394823
  0
LINE
  5
186
100
AcDbEntity
  8
12
  6
ByLayer
 62
  256
370
   -1
100
AcDbLine
 10
-73.36081951219512
 20
-23.15111615394823
 11
-74.26159999999997
 21
-23.07349013768806
  0
LINE
  5
187
100
AcDbEntity
  8
12
  6
ByLayer
 62
  256
370
   -1
100
AcDbLine
 10
-74.26159999999997
 20
-23.07349013768806
 11
-75.16934634146341
 21
-22.9678641214279
  0
LINE
  5
188
100
AcDbEntity
  8
12
  6
ByLayer
 62
  256
370
   -1
100
AcDbLine
 10
-75.16934634146341
 20
-22.9678641214279
 11
-75.39730731707316
 21
-22.93722347102139
  0
LINE
  5
189
100
AcDbEntity
  8
12
  6
ByLayer
 62
  256
370
   -1
100
AcDbLine
 10
-75.39730731707316
 20
-22.93722347102139
 11
-75.96900813008128
 21
-20.96611452793197
  0
LINE
  5
18A
100
AcDbEntity
  8
12
  6
ByLayer
 62
  256
370
   -1
100
AcDbLine
 10
-75.96900813008128
 20
-20.96611452793197
 11
-75.79285853658536
 21
-20.81823810516773
  0
LINE
  5
18B
100
AcDbEntity
  8
12
  6
ByLayer
 62
  256
370
   -1
100
AcDbLine
 10
-75.79285853658536
 20
-20.81823810516773
 11
-75.08247804878047
 21
-20.24325924337912
  0
LINE
  5
18C
100
AcDbEntity
  8
12
  6
ByLayer
 62
  256
370
   -1
100
AcDbLine
 10
-75.08247804878047
 20
-20.24325924337912
 11
-74.36308292682926
 21
-19.69573404012709
  0
LINE
  5
18D
100
AcDbEntity
  8
12
  6
ByLayer
 62
  256
370
   -1
100
AcDbLine
 10
-74.36308292682926
 20
-19.69573404012709
 11
-73.63449105691055
 21
-19.17702834907018
  0
LINE
  5
18E
100
AcDbEntity
  8
12
  6
ByLayer
 62
  256
370
   -1
100
AcDbLine
 10
-73.63449105691055
 20
-19.17702834907018
 11
-73.26675772357724
 21
-18.9290803815905
  0
LINE
  5
18F
100
AcDbEntity
  8
12
  6
ByLayer
 62
  256
370
   -1
100
AcDbLine
 10
-73.26675772357724
 20
-18.9290803815905
 11
-73.0820487804878
 21
-18.80811127589945
  0
LINE
  5
190
100
AcDbEntity
  8
12
  6
ByLayer
 62
  256
370
   -1
100
AcDbLine
 10
-73.0820487804878
 20
-18.80811127589945
 11
-73.5744845528455
 21
-16.7786803815905
  0
LINE
  5
191
100
AcDbEntity
  8
12
  6
ByLayer
 62
  256
370
   -1
100
AcDbLine
 10
-73.5744845528455
 20
-16.7786803815905
 11
-73.7941138211382
 21
-16.75582509703766
  0
LINE
  5
192
100
AcDbEntity
  8
12
  6
ByLayer
 62
  256
370
   -1
100
AcDbLine
 10
-73.7941138211382
 20
-16.75582509703766
 11
-74.23460162601624
 21
-16.70396818646855
  0
LINE
  5
193
100
AcDbEntity
  8
12
  6
ByLayer
 62
  256
370
   -1
100
AcDbLine
 10
-74.23460162601624
 20
-16.70396818646855
 11
-75.11985691056908
 21
-16.57689826776937
  0
LINE
  5
194
100
AcDbEntity
  8
12
  6
ByLayer
 62
  256
370
   -1
100
AcDbLine
 10
-75.11985691056908
 20
-16.57689826776937
 11
-76.0102569105691
 21
-16.41996168240351
  0
LINE
  5
195
100
AcDbEntity
  8
12
  6
ByLayer
 62
  256
370
   -1
100
AcDbLine
 10
-76.0102569105691
 20
-16.41996168240351
 11
-76.90511869918697
 21
-16.23452428402953
  0
LINE
  5
196
100
AcDbEntity
  8
12
  6
ByLayer
 62
  256
370
   -1
100
AcDbLine
 10
-76.90511869918697
 20
-16.23452428402953
 11
-77.12948292682925
 21
-16.18385111329782
  0
LINE
  5
197
100
AcDbEntity
  8
12
  6
ByLayer
 62
  256
370
   -1
100
AcDbLine
 10
-77.12948292682925
 20
-16.18385111329782
 11
-77.52471544715446
 21
-14.16989989378562
  0
LINE
  5
198
100
AcDbEntity
  8
12
  6
ByLayer
 62
  256
370
   -1
100
AcDbLine
 10
-77.52471544715446
 20
-14.16989989378562
 11
-77.33618211382112
 21
-14.03818607264741
  0
LINE
  5
199
100
AcDbEntity
  8
12
  6
ByLayer
 62
  256
370
   -1
100
AcDbLine
 10
-77.33618211382112
 20
-14.03818607264741
 11
-76.57776910569103
 21
-13.52826737346042
  0
LINE
  5
19A
100
AcDbEntity
  8
12
  6
ByLayer
 62
  256
370
   -1
100
AcDbLine
 10
-76.57776910569103
 20
-13.52826737346042
 11
-75.81275447154472
 21
-13.04643973118399
  0
LINE
  5
19B
100
AcDbEntity
  8
12
  6
ByLayer
 62
  256
370
   -1
100
AcDbLine
 10
-75.81275447154472
 20
-13.04643973118399
 11
-75.04122926829268
 21
-12.59416005638725
  0
LINE
  5
19C
100
AcDbEntity
  8
12
  6
ByLayer
 62
  256
370
   -1
100
AcDbLine
 10
-75.04122926829268
 20
-12.59416005638725
 11
-74.65300813008129
 21
-12.37967550354172
  0
LINE
  5
19D
100
AcDbEntity
  8
12
  6
ByLayer
 62
  256
370
   -1
100
AcDbLine
 10
-74.65300813008129
 20
-12.37967550354172
 11
-74.45832845528454
 21
-12.27550639785067
  0
LINE
  5
19E
100
AcDbEntity
  8
12
  6
ByLayer
 62
  256
370
   -1
100
AcDbLine
 10
-74.45832845528454
 20
-12.27550639785067
 11
-74.76946991869917
 21
-10.21051777996449
  0
LINE
  5
19F
100
AcDbEntity
  8
12
  6
ByLayer
 62
  256
370
   -1
100
AcDbLine
 10
-74.76946991869917
 20
-10.21051777996449
 11
-74.98623089430892
 21
-10.16831290191571
  0
LINE
  5
1A0
100
AcDbEntity
  8
12
  6
ByLayer
 62
  256
370
   -1
100
AcDbLine
 10
-74.98623089430892
 20
-10.16831290191571
 11
-75.42043577235771
 21
-10.07775680435473
  0
LINE
  5
1A1
100
AcDbEntity
  8
12
  6
ByLayer
 62
  256
370
   -1
100
AcDbLine
 10
-75.42043577235771
 20
-10.07775680435473
 11
-76.29098536585364
 21
-9.872924284029533
  0
LINE
  5
1A2
100
AcDbEntity
  8
12
  6
ByLayer
 62
  256
370
   -1
100
AcDbLine
 10
-76.29098536585364
 20
-9.872924284029533
 11
-77.16399349593493
 21
-9.637906397850657
  0
LINE
  5
1A3
100
AcDbEntity
  8
12
  6
ByLayer
 62
  256
370
   -1
100
AcDbLine
 10
-77.16399349593493
 20
-9.637906397850657
 11
-78.03900487804877
 21
-9.374114527931964
  0
LINE
  5
1A4
100
AcDbEntity
  8
12
  6
ByLayer
 62
  256
370
   -1
100
AcDbLine
 10
-78.03900487804877
 20
-9.374114527931964
 11
-78.25799674796747
 21
-9.303773064517324
  0
LINE
  5
1A5
100
AcDbEntity
  8
12
  6
ByLayer
 62
  256
370
   -1
100
AcDbLine
 10
-78.25799674796747
 20
-9.303773064517324
 11
-78.47371056910569
 21
-7.262823471021404
  0
LINE
  5
1A6
100
AcDbEntity
  8
12
  6
ByLayer
 62
  256
370
   -1
100
AcDbLine
 10
-78.47371056910569
 20
-7.262823471021404
 11
-78.27425040650407
 21
-7.148273877525455
  0
LINE
  5
1A7
100
AcDbEntity
  8
12
  6
ByLayer
 62
  256
370
   -1
100
AcDbLine
 10
-78.27425040650407
 20
-7.148273877525455
 11
-77.47376910569105
 21
-6.70737631654986
  0
LINE
  5
1A8
100
AcDbEntity
  8
12
  6
ByLayer
 62
  256
370
   -1
100
AcDbLine
 10
-77.47376910569105
 20
-6.70737631654986
 11
-76.66914471544715
 21
-6.295025097037651
  0
LINE
  5
1A9
100
AcDbEntity
  8
12
  6
ByLayer
 62
  256
370
   -1
100
AcDbLine
 10
-76.66914471544715
 20
-6.295025097037651
 11
-75.86065040650406
 21
-5.912722658013273
  0
LINE
  5
1AA
100
AcDbEntity
  8
12
  6
ByLayer
 62
  256
370
   -1
100
AcDbLine
 10
-75.86065040650406
 20
-5.912722658013273
 11
-75.45503739837396
 21
-5.733431601102698
  0
LINE
  5
1AB
100
AcDbEntity
  8
12
  6
ByLayer
 62
  256
370
   -1
100
AcDbLine
 10
-75.45503739837396
 20
-5.733431601102698
 11
-75.25184390243901
 21
-5.646836479151474
  0
LINE
  5
1AC
100
AcDbEntity
  8
12
  6
ByLayer
 62
  256
370
   -1
100
AcDbLine
 10
-75.25184390243901
 20
-5.646836479151474
 11
-75.37927804878048
 21
-3.562407210858801
  0
LINE
  5
1AD
100
AcDbEntity
  8
12
  6
ByLayer
 62
  256
370
   -1
100
AcDbLine
 10
-75.37927804878048
 20
-3.562407210858801
 11
-75.59148617886179
 21
-3.501216966956349
  0
LINE
  5
1AE
100
AcDbEntity
  8
12
  6
ByLayer
 62
  256
370
   -1
100
AcDbLine
 10
-75.59148617886179
 20
-3.501216966956349
 11
-76.01594796747966
 21
-3.372644609232787
  0
LINE
  5
1AF
100
AcDbEntity
  8
12
  6
ByLayer
 62
  256
370
   -1
100
AcDbLine
 10
-76.01594796747966
 20
-3.372644609232787
 11
-76.86500813008129
 21
-3.091688511671804
  0
LINE
  5
1B0
100
AcDbEntity
  8
12
  6
ByLayer
 62
  256
370
   -1
100
AcDbLine
 10
-76.86500813008129
 20
-3.091688511671804
 11
-77.71384065040648
 21
-2.780455991346608
  0
LINE
  5
1B1
100
AcDbEntity
  8
12
  6
ByLayer
 62
  256
370
   -1
100
AcDbLine
 10
-77.71384065040648
 20
-2.780455991346608
 11
-78.56208130081298
 21
-2.440358430370998
  0
LINE
  5
1B2
100
AcDbEntity
  8
12
  6
ByLayer
 62
  256
370
   -1
100
AcDbLine
 10
-78.56208130081298
 20
-2.440358430370998
 11
-78.77401626016258
 21
-2.350940544192125
  0
LINE
  5
1B3
100
AcDbEntity
  8
12
  6
ByLayer
 62
  256
370
   -1
100
AcDbLine
 10
-78.77401626016258
 20
-2.350940544192125
 11
-78.80852682926826
 21
-0.2988820076067569
  0
LINE
  5
1B4
100
AcDbEntity
  8
12
  6
ByLayer
 62
  256
370
   -1
100
AcDbLine
 10
-78.80852682926826
 20
-0.2988820076067569
 11
-78.59973333333332
 21
-0.2024072108588024
  0
LINE
  5
1B5
100
AcDbEntity
  8
12
  6
ByLayer
 62
  256
370
   -1
100
AcDbLine
 10
-78.59973333333332
 20
-0.2024072108588024
 11
-77.76337560975608
 21
0.1660090493038107
  0
LINE
  5
1B6
100
AcDbEntity
  8
12
  6
ByLayer
 62
  256
370
   -1
100
AcDbLine
 10
-77.76337560975608
 20
0.1660090493038107
 11
-76.92546991869918
 21
0.5056057972712931
  0
LINE
  5
1B7
100
AcDbEntity
  8
12
  6
ByLayer
 62
  256
370
   -1
100
AcDbLine
 10
75.42794796747968
 20
2.312675715970463
 11
75.46309593495936
 21
0.2246952281655842
  0
LINE
  5
1B8
100
AcDbEntity
  8
12
  6
ByLayer
 62
  256
370
   -1
100
AcDbLine
 10
75.46309593495936
 20
0.2246952281655842
 11
75.67234471544717
 21
0.1541716509298128
  0
LINE
  5
1B9
100
AcDbEntity
  8
12
  6
ByLayer
 62
  256
370
   -1
100
AcDbLine
 10
75.67234471544717
 20
0.1541716509298128
 11
76.09070569105693
 21
0.006932626539562664
  0
LINE
  5
1BA
100
AcDbEntity
  8
12
  6
ByLayer
 62
  256
370
   -1
100
AcDbLine
 10
76.09070569105693
 20
0.006932626539562664
 11
76.92651707317074
 21
-0.311311275899448
  0
LINE
  5
1BB
100
AcDbEntity
  8
12
  6
ByLayer
 62
  256
370
   -1
100
AcDbLine
 10
76.92651707317074
 20
-0.311311275899448
 11
77.76073495934961
 21
-0.6597860726474218
  0
LINE
  5
1BC
100
AcDbEntity
  8
12
  6
ByLayer
 62
  256
370
   -1
100
AcDbLine
 10
77.76073495934961
 20
-0.6597860726474218
 11
78.59313170731708
 21
-1.03708038159051
  0
LINE
  5
1BD
100
AcDbEntity
  8
12
  6
ByLayer
 62
  256
370
   -1
100
AcDbLine
 10
78.59313170731708
 20
-1.03708038159051
 11
78.80087804878049
 21
-1.135740544192138
  0
LINE
  5
1BE
100
AcDbEntity
  8
12
  6
ByLayer
 62
  256
370
   -1
100
AcDbLine
 10
78.80087804878049
 20
-1.135740544192138
 11
78.74460487804879
 21
-3.187343796224661
  0
LINE
  5
1BF
100
AcDbEntity
  8
12
  6
ByLayer
 62
  256
370
   -1
100
AcDbLine
 10
78.74460487804879
 20
-3.187343796224661
 11
78.53171382113821
 21
-3.274485259639296
  0
LINE
  5
1C0
100
AcDbEntity
  8
12
  6
ByLayer
 62
  256
370
   -1
100
AcDbLine
 10
78.53171382113821
 20
-3.274485259639296
 11
77.67992195121953
 21
-3.605568186468566
  0
LINE
  5
1C1
100
AcDbEntity
  8
12
  6
ByLayer
 62
  256
370
   -1
100
AcDbLine
 10
77.67992195121953
 20
-3.605568186468566
 11
76.82781138211382
 21
-3.907786072647422
  0
LINE
  5
1C2
100
AcDbEntity
  8
12
  6
ByLayer
 62
  256
370
   -1
100
AcDbLine
 10
76.82781138211382
 20
-3.907786072647422
 11
75.97583739837398
 21
-4.179682007606765
  0
LINE
  5
1C3
100
AcDbEntity
  8
12
  6
ByLayer
 62
  256
370
   -1
100
AcDbLine
 10
75.97583739837398
 20
-4.179682007606765
 11
75.55005528455285
 21
-4.303747048257182
  0
LINE
  5
1C4
100
AcDbEntity
  8
12
  6
ByLayer
 62
  256
370
   -1
100
AcDbLine
 10
75.55005528455285
 20
-4.303747048257182
 11
75.33720975609758
 21
-4.362706397850678
  0
LINE
  5
1C5
100
AcDbEntity
  8
12
  6
ByLayer
 62
  256
370
   -1
100
AcDbLine
 10
75.33720975609758
 20
-4.362706397850678
 11
75.18764878048782
 21
-6.445633227118968
  0
LINE
  5
1C6
100
AcDbEntity
  8
12
  6
ByLayer
 62
  256
370
   -1
100
AcDbLine
 10
75.18764878048782
 20
-6.445633227118968
 11
75.3898861788618
 21
-6.534368186468567
  0
LINE
  5
1C7
100
AcDbEntity
  8
12
  6
ByLayer
 62
  256
370
   -1
100
AcDbLine
 10
75.3898861788618
 20
-6.534368186468567
 11
75.79358699186993
 21
-6.717984446631156
  0
LINE
  5
1C8
100
AcDbEntity
  8
12
  6
ByLayer
 62
  256
370
   -1
100
AcDbLine
 10
75.79358699186993
 20
-6.717984446631156
 11
76.5979837398374
 21
-7.108846235249046
  0
LINE
  5
1C9
100
AcDbEntity
  8
12
  6
ByLayer
 62
  256
370
   -1
100
AcDbLine
 10
76.5979837398374
 20
-7.108846235249046
 11
77.39814634146342
 21
-7.529711275899452
  0
LINE
  5
1CA
100
AcDbEntity
  8
12
  6
ByLayer
 62
  256
370
   -1
100
AcDbLine
 10
77.39814634146342
 20
-7.529711275899452
 11
78.19393821138213
 21
-7.979077129557992
  0
LINE
  5
1CB
100
AcDbEntity
  8
12
  6
ByLayer
 62
  256
370
   -1
100
AcDbLine
 10
78.19393821138213
 20
-7.979077129557992
 11
78.39212357723579
 21
-8.095766560452301
  0
LINE
  5
1CC
100
AcDbEntity
  8
12
  6
ByLayer
 62
  256
370
   -1
100
AcDbLine
 10
78.39212357723579
 20
-8.095766560452301
 11
78.15473821138212
 21
-10.13430314581815
  0
LINE
  5
1CD
100
AcDbEntity
  8
12
  6
ByLayer
 62
  256
370
   -1
100
AcDbLine
 10
78.15473821138212
 20
-10.13430314581815
 11
77.93501788617887
 21
-10.20232265801329
  0
LINE
  5
1CE
100
AcDbEntity
  8
12
  6
ByLayer
 62
  256
370
   -1
100
AcDbLine
 10
77.93501788617887
 20
-10.20232265801329
 11
77.05727479674798
 21
-10.45678119459864
  0
LINE
  5
1CF
100
AcDbEntity
  8
12
  6
ByLayer
 62
  256
370
   -1
100
AcDbLine
 10
77.05727479674798
 20
-10.45678119459864
 11
76.18180813008131
 21
-10.68251127589945
  0
LINE
  5
1D0
100
AcDbEntity
  8
12
  6
ByLayer
 62
  256
370
   -1
100
AcDbLine
 10
76.18180813008131
 20
-10.68251127589945
 11
75.30911869918701
 21
-10.87810151980189
  0
LINE
  5
1D1
100
AcDbEntity
  8
12
  6
ByLayer
 62
  256
370
   -1
100
AcDbLine
 10
75.30911869918701
 20
-10.87810151980189
 11
74.87400325203254
 21
-10.96401371492384
  0
LINE
  5
1D2
100
AcDbEntity
  8
12
  6
ByLayer
 62
  256
370
   -1
100
AcDbLine
 10
74.87400325203254
 20
-10.96401371492384
 11
74.65683252032521
 21
-11.0039421702084
  0
LINE
  5
1D3
100
AcDbEntity
  8
12
  6
ByLayer
 62
  256
370
   -1
100
AcDbLine
 10
74.65683252032521
 20
-11.0039421702084
 11
74.32374634146343
 21
-13.06551615394824
  0
LINE
  5
1D4
100
AcDbEntity
  8
12
  6
ByLayer
 62
  256
370
   -1
100
AcDbLine
 10
74.32374634146343
 20
-13.06551615394824
 11
74.51733333333335
 21
-13.17177956858238
  0
LINE
  5
1D5
100
AcDbEntity
  8
12
  6
ByLayer
 62
  256
370
   -1
100
AcDbLine
 10
74.51733333333335
 20
-13.17177956858238
 11
74.90323252032522
 21
-13.39031615394824
  0
LINE
  5
1D6
100
AcDbEntity
  8
12
  6
ByLayer
 62
  256
370
   -1
100
AcDbLine
 10
74.90323252032522
 20
-13.39031615394824
 11
75.66993170731708
 21
-13.85079095069621
  0
LINE
  5
1D7
100
AcDbEntity
  8
12
  6
ByLayer
 62
  256
370
   -1
100
AcDbLine
 10
75.66993170731708
 20
-13.85079095069621
 11
76.42980162601627
 21
-14.34067712955799
  0
LINE
  5
1D8
100
AcDbEntity
  8
12
  6
ByLayer
 62
  256
370
   -1
100
AcDbLine
 10
76.42980162601627
 20
-14.34067712955799
 11
77.1827512195122
 21
-14.85865436533035
  0
LINE
  5
1D9
100
AcDbEntity
  8
12
  6
ByLayer
 62
  256
370
   -1
100
AcDbLine
 10
77.1827512195122
 20
-14.85865436533035
 11
77.36987317073172
 21
-14.99237143850108
  0
LINE
  5
1DA
100
AcDbEntity
  8
12
  6
ByLayer
 62
  256
370
   -1
100
AcDbLine
 10
77.36987317073172
 20
-14.99237143850108
 11
76.95324227642277
 21
-17.00199745476124
  0
LINE
  5
1DB
100
AcDbEntity
  8
12
  6
ByLayer
 62
  256
370
   -1
100
AcDbLine
 10
76.95324227642277
 20
-17.00199745476124
 11
76.72837723577237
 21
-17.05030314581816
  0
LINE
  5
1DC
100
AcDbEntity
  8
12
  6
ByLayer
 62
  256
370
   -1
100
AcDbLine
 10
76.72837723577237
 20
-17.05030314581816
 11
75.83155772357725
 21
-17.22622509703766
  0
LINE
  5
1DD
100
AcDbEntity
  8
12
  6
ByLayer
 62
  256
370
   -1
100
AcDbLine
 10
75.83155772357725
 20
-17.22622509703766
 11
74.93956422764229
 21
-17.37369176370433
  0
LINE
  5
1DE
100
AcDbEntity
  8
12
  6
ByLayer
 62
  256
370
   -1
100
AcDbLine
 10
74.93956422764229
 20
-17.37369176370433
 11
74.05303414634147
 21
-17.49133729215962
  0
LINE
  5
1DF
100
AcDbEntity
  8
12
  6
ByLayer
 62
  256
370
   -1
100
AcDbLine
 10
74.05303414634147
 20
-17.49133729215962
 11
73.6120455284553
 21
-17.53850477183441
  0
LINE
  5
1E0
100
AcDbEntity
  8
12
  6
ByLayer
 62
  256
370
   -1
100
AcDbLine
 10
73.6120455284553
 20
-17.53850477183441
 11
73.3921430894309
 21
-17.55903810516775
  0
LINE
  5
1E1
100
AcDbEntity
  8
12
  6
ByLayer
 62
  256
370
   -1
100
AcDbLine
 10
73.3921430894309
 20
-17.55903810516775
 11
72.87817235772359
 21
-19.58309664175311
  0
LINE
  5
1E2
100
AcDbEntity
  8
12
  6
ByLayer
 62
  256
370
   -1
100
AcDbLine
 10
72.87817235772359
 20
-19.58309664175311
 11
73.06160650406505
 21
-19.70606899947668
  0
LINE
  5
1E3
100
AcDbEntity
  8
12
  6
ByLayer
 62
  256
370
   -1
100
AcDbLine
 10
73.06160650406505
 20
-19.70606899947668
 11
73.42669918699188
 21
-19.95788688565555
  0
LINE
  5
1E4
100
AcDbEntity
  8
12
  6
ByLayer
 62
  256
370
   -1
100
AcDbLine
 10
73.42669918699188
 20
-19.95788688565555
 11
74.14969105691058
 21
-20.48428688565555
  0
LINE
  5
1E5
100
AcDbEntity
  8
12
  6
ByLayer
 62
  256
370
   -1
100
AcDbLine
 10
74.14969105691058
 20
-20.48428688565555
 11
74.86330406504065
 21
-21.03946086939539
  0
LINE
  5
1E6
100
AcDbEntity
  8
12
  6
ByLayer
 62
  256
370
   -1
100
AcDbLine
 10
74.86330406504065
 20
-21.03946086939539
 11
75.56749268292684
 21
-21.62190639785067
  0
LINE
  5
1E7
100
AcDbEntity
  8
12
  6
ByLayer
 62
  256
370
   -1
100
AcDbLine
 10
75.56749268292684
 20
-21.62190639785067
 11
75.74209430894309
 21
-21.77164948728156
  0
LINE
  5
1E8
100
AcDbEntity
  8
12
  6
ByLayer
 62
  256
370
   -1
100
AcDbLine
 10
75.74209430894309
 20
-21.77164948728156
 11
75.14949593495936
 21
-23.7365665604523
  0
LINE
  5
1E9
100
AcDbEntity
  8
12
  6
ByLayer
 62
  256
370
   -1
100
AcDbLine
 10
75.14949593495936
 20
-23.7365665604523
 11
74.92121626016261
 21
-23.76483973118401
  0
LINE
  5
1EA
100
AcDbEntity
  8
12
  6
ByLayer
 62
  256
370
   -1
100
AcDbLine
 10
74.92121626016261
 20
-23.76483973118401
 11
74.01237723577238
 21
-23.86081371492384
  0
LINE
  5
1EB
100
AcDbEntity
  8
12
  6
ByLayer
 62
  256
370
   -1
100
AcDbLine
 10
74.01237723577238
 20
-23.86081371492384
 11
73.11082276422766
 21
-23.92887875557425
  0
LINE
  5
1EC
100
AcDbEntity
  8
12
  6
ByLayer
 62
  256
370
   -1
100
AcDbLine
 10
73.11082276422766
 20
-23.92887875557425
 11
72.21737235772359
 21
-23.96771452793197
  0
LINE
  5
1ED
100
AcDbEntity
  8
12
  6
ByLayer
 62
  256
370
   -1
100
AcDbLine
 10
72.21737235772359
 20
-23.96771452793197
 11
71.77392520325205
 21
-23.97572753606206
  0
LINE
  5
1EE
100
AcDbEntity
  8
12
  6
ByLayer
 62
  256
370
   -1
100
AcDbLine
 10
71.77392520325205
 20
-23.97572753606206
 11
71.55306666666668
 21
-23.97672916207831
  0
LINE
  5
1EF
100
AcDbEntity
  8
12
  6
ByLayer
 62
  256
370
   -1
100
AcDbLine
 10
71.55306666666668
 20
-23.97672916207831
 11
70.86221788617888
 21
-25.94747387752547
  0
LINE
  5
1F0
100
AcDbEntity
  8
12
  6
ByLayer
 62
  256
370
   -1
100
AcDbLine
 10
70.86221788617888
 20
-25.94747387752547
 11
71.03408780487806
 21
-26.08615355232222
  0
LINE
  5
1F1
100
AcDbEntity
  8
12
  6
ByLayer
 62
  256
370
   -1
100
AcDbLine
 10
71.03408780487806
 20
-26.08615355232222
 11
71.37550569105692
 21
-26.36924948728157
  0
LINE
  5
1F2
100
AcDbEntity
  8
12
  6
ByLayer
 62
  256
370
   -1
100
AcDbLine
 10
71.37550569105692
 20
-26.36924948728157
 11
72.04914471544717
 21
-26.95747712955799
  0
LINE
  5
1F3
100
AcDbEntity
  8
12
  6
ByLayer
 62
  256
370
   -1
100
AcDbLine
 10
72.04914471544717
 20
-26.95747712955799
 11
72.71085528455285
 21
-27.57356818646856
  0
LINE
  5
1F4
100
AcDbEntity
  8
12
  6
ByLayer
 62
  256
370
   -1
100
AcDbLine
 10
72.71085528455285
 20
-27.57356818646856
 11
73.36081951219514
 21
-28.2159746905336
  0
LINE
  5
1F5
100
AcDbEntity
  8
12
  6
ByLayer
 62
  256
370
   -1
100
AcDbLine
 10
73.36081951219514
 20
-28.2159746905336
 11
73.52148943089432
 21
-28.38056005638726
  0
LINE
  5
1F6
100
AcDbEntity
  8
12
  6
ByLayer
 62
  256
370
   -1
100
AcDbLine
 10
73.52148943089432
 20
-28.38056005638726
 11
72.7575674796748
 21
-30.28542509703767
  0
LINE
  5
1F7
100
AcDbEntity
  8
12
  6
ByLayer
 62
  256
370
   -1
100
AcDbLine
 10
72.7575674796748
 20
-30.28542509703767
 11
72.5276943089431
 21
-30.29339257671246
  0
LINE
  5
1F8
100
AcDbEntity
  8
12
  6
ByLayer
 62
  256
370
   -1
100
AcDbLine
 10
72.5276943089431
 20
-30.29339257671246
 11
71.61393821138212
 21
-30.30864460923278
  0
LINE
  5
1F9
100
AcDbEntity
  8
12
  6
ByLayer
 62
  256
370
   -1
100
AcDbLine
 10
71.61393821138212
 20
-30.30864460923278
 11
70.70987967479675
 21
-30.29676168240352
  0
LINE
  5
1FA
100
AcDbEntity
  8
12
  6
ByLayer
 62
  256
370
   -1
100
AcDbLine
 10
70.70987967479675
 20
-30.29676168240352
 11
69.81647479674797
 21
-30.25651452793197
  0
LINE
  5
1FB
100
AcDbEntity
  8
12
  6
ByLayer
 62
  256
370
   -1
100
AcDbLine
 10
69.81647479674797
 20
-30.25651452793197
 11
69.37407479674798
 21
-30.22528200760677
  0
LINE
  5
1FC
100
AcDbEntity
  8
12
  6
ByLayer
 62
  256
370
   -1
100
AcDbLine
 10
69.37407479674798
 20
-30.22528200760677
 11
69.15399024390246
 21
-30.20679745476124
  0
LINE
  5
1FD
100
AcDbEntity
  8
12
  6
ByLayer
 62
  256
370
   -1
100
AcDbLine
 10
69.15399024390246
 20
-30.20679745476124
 11
68.29168130081302
 21
-32.10874867427344
  0
LINE
  5
1FE
100
AcDbEntity
  8
12
  6
ByLayer
 62
  256
370
   -1
100
AcDbLine
 10
68.29168130081302
 20
-32.10874867427344
 11
68.45062113821139
 21
-32.26208851167181
  0
LINE
  5
1FF
100
AcDbEntity
  8
12
  6
ByLayer
 62
  256
370
   -1
100
AcDbLine
 10
68.45062113821139
 20
-32.26208851167181
 11
68.7656780487805
 21
-32.57423160110271
  0
LINE
  5
200
100
AcDbEntity
  8
12
  6
ByLayer
 62
  256
370
   -1
100
AcDbLine
 10
68.7656780487805
 20
-32.57423160110271
 11
69.38468292682927
 21
-33.21968851167181
  0
LINE
  5
201
100
AcDbEntity
  8
12
  6
ByLayer
 62
  256
370
   -1
100
AcDbLine
 10
69.38468292682927
 20
-33.21968851167181
 11
69.98939186991871
 21
-33.89182509703767
  0
LINE
  5
202
100
AcDbEntity
  8
12
  6
ByLayer
 62
  256
370
   -1
100
AcDbLine
 10
69.98939186991871
 20
-33.89182509703767
 11
70.58003252032522
 21
-34.58918444663117
  0
LINE
  5
203
100
AcDbEntity
  8
12
  6
ByLayer
 62
  256
370
   -1
100
AcDbLine
 10
70.58003252032522
 20
-34.58918444663117
 11
70.72554146341464
 21
-34.76733729215962
  0
LINE
  5
204
100
AcDbEntity
  8
12
  6
ByLayer
 62
  256
370
   -1
100
AcDbLine
 10
70.72554146341464
 20
-34.76733729215962
 11
69.79621463414635
 21
-36.59721696695637
  0
LINE
  5
205
100
AcDbEntity
  8
12
  6
ByLayer
 62
  256
370
   -1
100
AcDbLine
 10
69.79621463414635
 20
-36.59721696695637
 11
69.56652357723578
 21
-36.58483322711897
  0
LINE
  5
206
100
AcDbEntity
  8
12
  6
ByLayer
 62
  256
370
   -1
100
AcDbLine
 10
69.56652357723578
 20
-36.58483322711897
 11
68.65499837398376
 21
-36.5193177799645
  0
LINE
  5
207
100
AcDbEntity
  8
12
  6
ByLayer
 62
  256
370
   -1
100
AcDbLine
 10
68.65499837398376
 20
-36.5193177799645
 11
67.75558373983742
 21
-36.42757794256612
  0
LINE
  5
208
100
AcDbEntity
  8
12
  6
ByLayer
 62
  256
370
   -1
100
AcDbLine
 10
67.75558373983742
 20
-36.42757794256612
 11
66.86919024390245
 21
-36.30852103199702
  0
LINE
  5
209
100
AcDbEntity
  8
12
  6
ByLayer
 62
  256
370
   -1
100
AcDbLine
 10
66.86919024390245
 20
-36.30852103199702
 11
66.43129756097562
 21
-36.23827062549295
  0
LINE
  5
20A
100
AcDbEntity
  8
12
  6
ByLayer
 62
  256
370
   -1
100
AcDbLine
 10
66.43129756097562
 20
-36.23827062549295
 11
66.21371707317074
 21
-36.2003909506962
  0
LINE
  5
20B
100
AcDbEntity
  8
12
  6
ByLayer
 62
  256
370
   -1
100
AcDbLine
 10
66.21371707317074
 20
-36.2003909506962
 11
65.18668617886179
 21
-38.01870639785068
  0
LINE
  5
20C
100
AcDbEntity
  8
12
  6
ByLayer
 62
  256
370
   -1
100
AcDbLine
 10
65.18668617886179
 20
-38.01870639785068
 11
65.3314211382114
 21
-38.185477129558
  0
LINE
  5
20D
100
AcDbEntity
  8
12
  6
ByLayer
 62
  256
370
   -1
100
AcDbLine
 10
65.3314211382114
 20
-38.185477129558
 11
65.61765853658538
 21
-38.52429989378564
  0
LINE
  5
20E
100
AcDbEntity
  8
12
  6
ByLayer
 62
  256
370
   -1
100
AcDbLine
 10
65.61765853658538
 20
-38.52429989378564
 11
66.17720325203253
 21
-39.22193241411085
  0
LINE
  5
20F
100
AcDbEntity
  8
12
  6
ByLayer
 62
  256
370
   -1
100
AcDbLine
 10
66.17720325203253
 20
-39.22193241411085
 11
66.72013008130082
 21
-39.94487875557426
  0
LINE
  5
210
100
AcDbEntity
  8
12
  6
ByLayer
 62
  256
370
   -1
100
AcDbLine
 10
66.72013008130082
 20
-39.94487875557426
 11
67.24684878048781
 21
-40.69172753606206
  0
LINE
  5
211
100
AcDbEntity
  8
12
  6
ByLayer
 62
  256
370
   -1
100
AcDbLine
 10
67.24684878048781
 20
-40.69172753606206
 11
67.3760130081301
 21
-40.88203647915149
  0
LINE
  5
212
100
AcDbEntity
  8
12
  6
ByLayer
 62
  256
370
   -1
100
AcDbLine
 10
67.3760130081301
 20
-40.88203647915149
 11
66.28861138211383
 21
-42.62263485313522
  0
LINE
  5
213
100
AcDbEntity
  8
12
  6
ByLayer
 62
  256
370
   -1
100
AcDbLine
 10
66.28861138211383
 20
-42.62263485313522
 11
66.06092357723578
 21
-42.58999095069621
  0
LINE
  5
214
100
AcDbEntity
  8
12
  6
ByLayer
 62
  256
370
   -1
100
AcDbLine
 10
66.06092357723578
 20
-42.58999095069621
 11
65.15877723577238
 21
-42.4441177799645
  0
LINE
  5
215
100
AcDbEntity
  8
12
  6
ByLayer
 62
  256
370
   -1
100
AcDbLine
 10
65.15877723577238
 20
-42.4441177799645
 11
64.27097235772359
 21
-42.27324948728157
  0
LINE
  5
216
100
AcDbEntity
  8
12
  6
ByLayer
 62
  256
370
   -1
100
AcDbLine
 10
64.27097235772359
 20
-42.27324948728157
 11
63.39855609756098
 21
-42.07633891817588
  0
LINE
  5
217
100
AcDbEntity
  8
12
  6
ByLayer
 62
  256
370
   -1
100
AcDbLine
 10
63.39855609756098
 20
-42.07633891817588
 11
62.96858536585368
 21
-41.96766249541165
  0
LINE
  5
218
100
AcDbEntity
  8
12
  6
ByLayer
 62
  256
370
   -1
100
AcDbLine
 10
62.96858536585368
 20
-41.96766249541165
 11
62.75519349593497
 21
-41.91070639785068
  0
LINE
  5
219
100
AcDbEntity
  8
12
  6
ByLayer
 62
  256
370
   -1
100
AcDbLine
 10
62.75519349593497
 20
-41.91070639785068
 11
61.57149918699189
 21
-43.63113566614336
  0
LINE
  5
21A
100
AcDbEntity
  8
12
  6
ByLayer
 62
  256
370
   -1
100
AcDbLine
 10
61.57149918699189
 20
-43.63113566614336
 11
61.70093658536587
 21
-43.81006249541166
  0
LINE
  5
21B
100
AcDbEntity
  8
12
  6
ByLayer
 62
  256
370
   -1
100
AcDbLine
 10
61.70093658536587
 20
-43.81006249541166
 11
61.9560780487805
 21
-44.17283322711897
  0
LINE
  5
21C
100
AcDbEntity
  8
12
  6
ByLayer
 62
  256
370
   -1
100
AcDbLine
 10
61.9560780487805
 20
-44.17283322711897
 11
62.45179186991871
 21
-44.91722347102141
  0
LINE
  5
21D
100
AcDbEntity
  8
12
  6
ByLayer
 62
  256
370
   -1
100
AcDbLine
 10
62.45179186991871
 20
-44.91722347102141
 11
62.9287024390244
 21
-45.68528851167182
  0
LINE
  5
21E
100
AcDbEntity
  8
12
  6
ByLayer
 62
  256
370
   -1
100
AcDbLine
 10
62.9287024390244
 20
-45.68528851167182
 11
63.38735609756099
 21
-46.47575355232222
  0
LINE
  5
21F
100
AcDbEntity
  8
12
  6
ByLayer
 62
  256
370
   -1
100
AcDbLine
 10
63.38735609756099
 20
-46.47575355232222
 11
63.49921951219514
 21
-46.67676168240352
  0
LINE
  5
220
100
AcDbEntity
  8
12
  6
ByLayer
 62
  256
370
   -1
100
AcDbLine
 10
63.49921951219514
 20
-46.67676168240352
 11
62.26221138211383
 21
-48.31442021898889
  0
LINE
  5
221
100
AcDbEntity
  8
12
  6
ByLayer
 62
  256
370
   -1
100
AcDbLine
 10
62.26221138211383
 20
-48.31442021898889
 11
62.03834796747969
 21
-48.26178932467995
  0
LINE
  5
222
100
AcDbEntity
  8
12
  6
ByLayer
 62
  256
370
   -1
100
AcDbLine
 10
62.03834796747969
 20
-48.26178932467995
 11
61.15259186991871
 21
-48.03678769866369
  0
LINE
  5
223
100
AcDbEntity
  8
12
  6
ByLayer
 62
  256
370
   -1
100
AcDbLine
 10
61.15259186991871
 20
-48.03678769866369
 11
60.28331707317075
 21
-47.78811127589946
  0
LINE
  5
224
100
AcDbEntity
  8
12
  6
ByLayer
 62
  256
370
   -1
100
AcDbLine
 10
60.28331707317075
 20
-47.78811127589946
 11
59.43179837398375
 21
-47.51484948728157
  0
LINE
  5
225
100
AcDbEntity
  8
12
  6
ByLayer
 62
  256
370
   -1
100
AcDbLine
 10
59.43179837398375
 20
-47.51484948728157
 11
59.01307317073172
 21
-47.36861208890758
  0
LINE
  5
226
100
AcDbEntity
  8
12
  6
ByLayer
 62
  256
370
   -1
100
AcDbLine
 10
59.01307317073172
 20
-47.36861208890758
 11
58.80555447154472
 21
-47.29303485313523
  0
LINE
  5
227
100
AcDbEntity
  8
12
  6
ByLayer
 62
  256
370
   -1
100
AcDbLine
 10
58.80555447154472
 20
-47.29303485313523
 11
57.47443902439026
 21
-48.9021015198019
  0
LINE
  5
228
100
AcDbEntity
  8
12
  6
ByLayer
 62
  256
370
   -1
100
AcDbLine
 10
57.47443902439026
 20
-48.9021015198019
 11
57.58757723577236
 21
-49.09177306451734
  0
LINE
  5
229
100
AcDbEntity
  8
12
  6
ByLayer
 62
  256
370
   -1
100
AcDbLine
 10
57.58757723577236
 20
-49.09177306451734
 11
57.80966504065042
 21
-49.47566899947668
  0
LINE
  5
22A
100
AcDbEntity
  8
12
  6
ByLayer
 62
  256
370
   -1
100
AcDbLine
 10
57.80966504065042
 20
-49.47566899947668
 11
58.23763252032522
 21
-50.26094379622466
  0
LINE
  5
22B
100
AcDbEntity
  8
12
  6
ByLayer
 62
  256
370
   -1
100
AcDbLine
 10
58.23763252032522
 20
-50.26094379622466
 11
58.64479349593498
 21
-51.06816330841978
  0
LINE
  5
22C
100
AcDbEntity
  8
12
  6
ByLayer
 62
  256
370
   -1
100
AcDbLine
 10
58.64479349593498
 20
-51.06816330841978
 11
59.03178536585367
 21
-51.89609826776938
  0
LINE
  5
22D
100
AcDbEntity
  8
12
  6
ByLayer
 62
  256
370
   -1
100
AcDbLine
 10
59.03178536585367
 20
-51.89609826776938
 11
59.125437398374
 21
-52.1061665604523
  0
LINE
  5
22E
100
AcDbEntity
  8
12
  6
ByLayer
 62
  256
370
   -1
100
AcDbLine
 10
59.125437398374
 20
-52.1061665604523
 11
57.74856585365855
 21
-53.62809176370433
  0
LINE
  5
22F
100
AcDbEntity
  8
12
  6
ByLayer
 62
  256
370
   -1
100
AcDbLine
 10
57.74856585365855
 20
-53.62809176370433
 11
57.53016585365855
 21
-53.55588363362303
  0
LINE
  5
230
100
AcDbEntity
  8
12
  6
ByLayer
 62
  256
370
   -1
100
AcDbLine
 10
57.53016585365855
 20
-53.55588363362303
 11
56.66776585365855
 21
-53.25348363362302
  0
LINE
  5
231
100
AcDbEntity
  8
12
  6
ByLayer
 62
  256
370
   -1
100
AcDbLine
 10
56.66776585365855
 20
-53.25348363362302
 11
55.82389593495936
 21
-52.92895680435474
  0
LINE
  5
232
100
AcDbEntity
  8
12
  6
ByLayer
 62
  256
370
   -1
100
AcDbLine
 10
55.82389593495936
 20
-52.92895680435474
 11
54.99983089430896
 21
-52.58148363362303
  0
LINE
  5
233
100
AcDbEntity
  8
12
  6
ByLayer
 62
  256
370
   -1
100
AcDbLine
 10
54.99983089430896
 20
-52.58148363362303
 11
54.59567479674799
 21
-52.39886899947668
  0
LINE
  5
234
100
AcDbEntity
  8
12
  6
ByLayer
 62
  256
370
   -1
100
AcDbLine
 10
54.59567479674799
 20
-52.39886899947668
 11
54.39566829268294
 21
-52.30521696695637
  0
LINE
  5
235
100
AcDbEntity
  8
12
  6
ByLayer
 62
  256
370
   -1
100
AcDbLine
 10
54.39566829268294
 20
-52.30521696695637
 11
52.92755772357724
 21
-53.79035517833848
  0
LINE
  5
236
100
AcDbEntity
  8
12
  6
ByLayer
 62
  256
370
   -1
100
AcDbLine
 10
52.92755772357724
 20
-53.79035517833848
 11
53.0234861788618
 21
-53.98926899947669
  0
LINE
  5
237
100
AcDbEntity
  8
12
  6
ByLayer
 62
  256
370
   -1
100
AcDbLine
 10
53.0234861788618
 20
-53.98926899947669
 11
53.21074471544716
 21
-54.39128525963929
  0
LINE
  5
238
100
AcDbEntity
  8
12
  6
ByLayer
 62
  256
370
   -1
100
AcDbLine
 10
53.21074471544716
 20
-54.39128525963929
 11
53.56768780487806
 21
-55.21129826776937
  0
LINE
  5
239
100
AcDbEntity
  8
12
  6
ByLayer
 62
  256
370
   -1
100
AcDbLine
 10
53.56768780487806
 20
-55.21129826776937
 11
53.90186666666668
 21
-56.05138932467994
  0
LINE
  5
23A
100
AcDbEntity
  8
12
  6
ByLayer
 62
  256
370
   -1
100
AcDbLine
 10
53.90186666666668
 20
-56.05138932467994
 11
54.21419186991871
 21
-56.91023810516774
  0
LINE
  5
23B
100
AcDbEntity
  8
12
  6
ByLayer
 62
  256
370
   -1
100
AcDbLine
 10
54.21419186991871
 20
-56.91023810516774
 11
54.28890406504067
 21
-57.12777306451733
  0
LINE
  5
23C
100
AcDbEntity
  8
12
  6
ByLayer
 62
  256
370
   -1
100
AcDbLine
 10
54.28890406504067
 20
-57.12777306451733
 11
52.78291382113822
 21
-58.52208200760677
  0
LINE
  5
23D
100
AcDbEntity
  8
12
  6
ByLayer
 62
  256
370
   -1
100
AcDbLine
 10
52.78291382113822
 20
-58.52208200760677
 11
52.57175284552847
 21
-58.43084298321652
  0
LINE
  5
23E
100
AcDbEntity
  8
12
  6
ByLayer
 62
  256
370
   -1
100
AcDbLine
 10
52.57175284552847
 20
-58.43084298321652
 11
51.73949268292684
 21
-58.0533665604523
  0
LINE
  5
23F
100
AcDbEntity
  8
12
  6
ByLayer
 62
  256
370
   -1
100
AcDbLine
 10
51.73949268292684
 20
-58.0533665604523
 11
50.92758373983741
 21
-57.65553891817588
  0
LINE
  5
240
100
AcDbEntity
  8
12
  6
ByLayer
 62
  256
370
   -1
100
AcDbLine
 10
50.92758373983741
 20
-57.65553891817588
 11
50.13743739837399
 21
-57.2366316011027
  0
LINE
  5
241
100
AcDbEntity
  8
12
  6
ByLayer
 62
  256
370
   -1
100
AcDbLine
 10
50.13743739837399
 20
-57.2366316011027
 11
49.751037398374
 21
-57.01896005638726
  0
LINE
  5
242
100
AcDbEntity
  8
12
  6
ByLayer
 62
  256
370
   -1
100
AcDbLine
 10
49.751037398374
 20
-57.01896005638726
 11
49.56009105691058
 21
-56.90800721085881
  0
LINE
  5
243
100
AcDbEntity
  8
12
  6
ByLayer
 62
  256
370
   -1
100
AcDbLine
 10
49.56009105691058
 20
-56.90800721085881
 11
47.96641300813009
 21
-58.2576072108588
  0
LINE
  5
244
100
AcDbEntity
  8
12
  6
ByLayer
 62
  256
370
   -1
100
AcDbLine
 10
47.96641300813009
 20
-58.2576072108588
 11
48.04440325203252
 21
-58.4642153409401
  0
LINE
  5
245
100
AcDbEntity
  8
12
  6
ByLayer
 62
  256
370
   -1
100
AcDbLine
 10
48.04440325203252
 20
-58.4642153409401
 11
48.19542113821139
 21
-58.88121046289132
  0
LINE
  5
246
100
AcDbEntity
  8
12
  6
ByLayer
 62
  256
370
   -1
100
AcDbLine
 10
48.19542113821139
 20
-58.88121046289132
 11
48.47847154471545
 21
-59.72958769866369
  0
LINE
  5
247
100
AcDbEntity
  8
12
  6
ByLayer
 62
  256
370
   -1
100
AcDbLine
 10
48.47847154471545
 20
-59.72958769866369
 11
48.737118699187
 21
-60.59590314581816
  0
LINE
  5
248
100
AcDbEntity
  8
12
  6
ByLayer
 62
  256
370
   -1
100
AcDbLine
 10
48.737118699187
 20
-60.59590314581816
 11
48.97231869918699
 21
-61.47901859297261
  0
LINE
  5
249
100
AcDbEntity
  8
12
  6
ByLayer
 62
  256
370
   -1
100
AcDbLine
 10
48.97231869918699
 20
-61.47901859297261
 11
49.02749918699187
 21
-61.70229013768807
  0
LINE
  5
24A
100
AcDbEntity
  8
12
  6
ByLayer
 62
  256
370
   -1
100
AcDbLine
 10
49.02749918699187
 20
-61.70229013768807
 11
47.40418211382114
 21
-62.95801046289132
  0
LINE
  5
24B
100
AcDbEntity
  8
12
  6
ByLayer
 62
  256
370
   -1
100
AcDbLine
 10
47.40418211382114
 20
-62.95801046289132
 11
47.20194471544715
 21
-62.84846899947669
  0
LINE
  5
24C
100
AcDbEntity
  8
12
  6
ByLayer
 62
  256
370
   -1
100
AcDbLine
 10
47.20194471544715
 20
-62.84846899947669
 11
46.40624390243903
 21
-62.39896656045229
  0
LINE
  5
24D
100
AcDbEntity
  8
12
  6
ByLayer
 62
  256
370
   -1
100
AcDbLine
 10
46.40624390243903
 20
-62.39896656045229
 11
45.63271544715448
 21
-61.93093404012709
  0
LINE
  5
24E
100
AcDbEntity
  8
12
  6
ByLayer
 62
  256
370
   -1
100
AcDbLine
 10
45.63271544715448
 20
-61.93093404012709
 11
44.88267967479675
 21
-61.44382509703766
  0
LINE
  5
24F
100
AcDbEntity
  8
12
  6
ByLayer
 62
  256
370
   -1
100
AcDbLine
 10
44.88267967479675
 20
-61.44382509703766
 11
44.51699512195123
 21
-61.19287225150921
  0
LINE
  5
250
100
AcDbEntity
  8
12
  6
ByLayer
 62
  256
370
   -1
100
AcDbLine
 10
44.51699512195123
 20
-61.19287225150921
 11
44.33661138211383
 21
-61.06548363362303
  0
LINE
  5
251
100
AcDbEntity
  8
12
  6
ByLayer
 62
  256
370
   -1
100
AcDbLine
 10
44.33661138211383
 20
-61.06548363362303
 11
42.62993170731708
 21
-62.26889176370433
  0
LINE
  5
252
100
AcDbEntity
  8
12
  6
ByLayer
 62
  256
370
   -1
100
AcDbLine
 10
42.62993170731708
 20
-62.26889176370433
 11
42.68930081300813
 21
-62.48160070679376
  0
LINE
  5
253
100
AcDbEntity
  8
12
  6
ByLayer
 62
  256
370
   -1
100
AcDbLine
 10
42.68930081300813
 20
-62.48160070679376
 11
42.8028943089431
 21
-62.91029664175311
  0
LINE
  5
254
100
AcDbEntity
  8
12
  6
ByLayer
 62
  256
370
   -1
100
AcDbLine
 10
42.8028943089431
 20
-62.91029664175311
 11
43.00986666666667
 21
-63.78034542224092
  0
LINE
  5
255
100
AcDbEntity
  8
12
  6
ByLayer
 62
  256
370
   -1
100
AcDbLine
 10
43.00986666666667
 20
-63.78034542224092
 11
43.19093333333334
 21
-64.66614704825717
  0
LINE
  5
256
100
AcDbEntity
  8
12
  6
ByLayer
 62
  256
370
   -1
100
AcDbLine
 10
43.19093333333334
 20
-64.66614704825717
 11
43.34714146341464
 21
-65.56660883687506
  0
LINE
  5
257
100
AcDbEntity
  8
12
  6
ByLayer
 62
  256
370
   -1
100
AcDbLine
 10
43.34714146341464
 20
-65.56660883687506
 11
43.38238048780489
 21
-65.79388688565555
  0
LINE
  5
258
100
AcDbEntity
  8
12
  6
ByLayer
 62
  256
370
   -1
100
AcDbLine
 10
43.38238048780489
 20
-65.79388688565555
 11
41.65443902439025
 21
-66.90122997508644
  0
LINE
  5
259
100
AcDbEntity
  8
12
  6
ByLayer
 62
  256
370
   -1
100
AcDbLine
 10
41.65443902439025
 20
-66.90122997508644
 11
41.46267317073172
 21
-66.77425111329782
  0
LINE
  5
25A
100
AcDbEntity
  8
12
  6
ByLayer
 62
  256
370
   -1
100
AcDbLine
 10
41.46267317073172
 20
-66.77425111329782
 11
40.70981463414634
 21
-66.2561828206149
  0
LINE
  5
25B
100
AcDbEntity
  8
12
  6
ByLayer
 62
  256
370
   -1
100
AcDbLine
 10
40.70981463414634
 20
-66.2561828206149
 11
39.98067642276423
 21
-65.72158769866368
  0
LINE
  5
25C
100
AcDbEntity
  8
12
  6
ByLayer
 62
  256
370
   -1
100
AcDbLine
 10
39.98067642276423
 20
-65.72158769866368
 11
39.27662439024391
 21
-65.17010151980189
  0
LINE
  5
25D
100
AcDbEntity
  8
12
  6
ByLayer
 62
  256
370
   -1
100
AcDbLine
 10
39.27662439024391
 20
-65.17010151980189
 11
38.93456910569106
 21
-64.88782509703766
  0
LINE
  5
25E
100
AcDbEntity
  8
12
  6
ByLayer
 62
  256
370
   -1
100
AcDbLine
 10
38.93456910569106
 20
-64.88782509703766
 11
38.76611382113822
 21
-64.74495680435473
  0
LINE
  5
25F
100
AcDbEntity
  8
12
  6
ByLayer
 62
  256
370
   -1
100
AcDbLine
 10
38.76611382113822
 20
-64.74495680435473
 11
36.95977235772358
 21
-65.79288525963929
  0
LINE
  5
260
100
AcDbEntity
  8
12
  6
ByLayer
 62
  256
370
   -1
100
AcDbLine
 10
36.95977235772358
 20
-65.79288525963929
 11
37.00015609756097
 21
-66.00996493443604
  0
LINE
  5
261
100
AcDbEntity
  8
12
  6
ByLayer
 62
  256
370
   -1
100
AcDbLine
 10
37.00015609756097
 20
-66.00996493443604
 11
37.07536910569106
 21
-66.44708363362302
  0
LINE
  5
262
100
AcDbEntity
  8
12
  6
ByLayer
 62
  256
370
   -1
100
AcDbLine
 10
37.07536910569106
 20
-66.44708363362302
 11
37.20462439024391
 21
-67.33202021898889
  0
LINE
  5
263
100
AcDbEntity
  8
12
  6
ByLayer
 62
  256
370
   -1
100
AcDbLine
 10
37.20462439024391
 20
-67.33202021898889
 11
37.30669918699187
 21
-68.2303421702084
  0
LINE
  5
264
100
AcDbEntity
  8
12
  6
ByLayer
 62
  256
370
   -1
100
AcDbLine
 10
37.30669918699187
 20
-68.2303421702084
 11
37.38273170731708
 21
-69.14104786126531
  0
LINE
  5
265
100
AcDbEntity
  8
12
  6
ByLayer
 62
  256
370
   -1
100
AcDbLine
 10
37.38273170731708
 20
-69.14104786126531
 11
37.39775609756099
 21
-69.37055680435473
  0
LINE
  5
266
100
AcDbEntity
  8
12
  6
ByLayer
 62
  256
370
   -1
100
AcDbLine
 10
37.39775609756099
 20
-69.37055680435473
 11
35.57871219512196
 21
-70.32087225150921
  0
LINE
  5
267
100
AcDbEntity
  8
12
  6
ByLayer
 62
  256
370
   -1
100
AcDbLine
 10
35.57871219512196
 20
-70.32087225150921
 11
35.39887479674797
 21
-70.17741208890757
  0
LINE
  5
268
100
AcDbEntity
  8
12
  6
ByLayer
 62
  256
370
   -1
100
AcDbLine
 10
35.39887479674797
 20
-70.17741208890757
 11
34.69477723577236
 21
-69.59482997508644
  0
LINE
  5
269
100
AcDbEntity
  8
12
  6
ByLayer
 62
  256
370
   -1
100
AcDbLine
 10
34.69477723577236
 20
-69.59482997508644
 11
34.01572032520325
 21
-68.99790639785067
  0
LINE
  5
26A
100
AcDbEntity
  8
12
  6
ByLayer
 62
  256
370
   -1
100
AcDbLine
 10
34.01572032520325
 20
-68.99790639785067
 11
33.36320650406505
 21
-68.38636818646856
  0
LINE
  5
26B
100
AcDbEntity
  8
12
  6
ByLayer
 62
  256
370
   -1
100
AcDbLine
 10
33.36320650406505
 20
-68.38636818646856
 11
33.04742113821138
 21
-68.07495355232221
  0
LINE
  5
26C
100
AcDbEntity
  8
12
  6
ByLayer
 62
  256
370
   -1
100
AcDbLine
 10
33.04742113821138
 20
-68.07495355232221
 11
32.89226016260162
 21
-67.91778932467994
  0
LINE
  5
26D
100
AcDbEntity
  8
12
  6
ByLayer
 62
  256
370
   -1
100
AcDbLine
 10
32.89226016260162
 20
-67.91778932467994
 11
31.00037073170732
 21
-68.80190639785067
  0
LINE
  5
26E
100
AcDbEntity
  8
12
  6
ByLayer
 62
  256
370
   -1
100
AcDbLine
 10
31.00037073170732
 20
-68.80190639785067
 11
31.0213593495935
 21
-69.02176330841978
  0
LINE
  5
26F
100
AcDbEntity
  8
12
  6
ByLayer
 62
  256
370
   -1
100
AcDbLine
 10
31.0213593495935
 20
-69.02176330841978
 11
31.05769105691058
 21
-69.46375355232222
  0
LINE
  5
270
100
AcDbEntity
  8
12
  6
ByLayer
 62
  256
370
   -1
100
AcDbLine
 10
31.05769105691058
 20
-69.46375355232222
 11
31.10822764227643
 21
-70.35665761736287
  0
LINE
  5
271
100
AcDbEntity
  8
12
  6
ByLayer
 62
  256
370
   -1
100
AcDbLine
 10
31.10822764227643
 20
-70.35665761736287
 11
31.13053658536586
 21
-71.26048851167181
  0
LINE
  5
272
100
AcDbEntity
  8
12
  6
ByLayer
 62
  256
370
   -1
100
AcDbLine
 10
31.13053658536586
 20
-71.26048851167181
 11
31.12575609756098
 21
-72.17438119459864
  0
LINE
  5
273
100
AcDbEntity
  8
12
  6
ByLayer
 62
  256
370
   -1
100
AcDbLine
 10
31.12575609756098
 20
-72.17438119459864
 11
31.12042926829269
 21
-72.40434542224091
  0
LINE
  5
274
100
AcDbEntity
  8
12
  6
ByLayer
 62
  256
370
   -1
100
AcDbLine
 10
31.12042926829269
 20
-72.40434542224091
 11
29.22448780487805
 21
-73.19012103199701
  0
LINE
  5
275
100
AcDbEntity
  8
12
  6
ByLayer
 62
  256
370
   -1
100
AcDbLine
 10
29.22448780487805
 20
-73.19012103199701
 11
29.05808130081301
 21
-73.03136330841978
  0
LINE
  5
276
100
AcDbEntity
  8
12
  6
ByLayer
 62
  256
370
   -1
100
AcDbLine
 10
29.05808130081301
 20
-73.03136330841978
 11
28.4082081300813
 21
-72.38882021898888
  0
LINE
  5
277
100
AcDbEntity
  8
12
  6
ByLayer
 62
  256
370
   -1
100
AcDbLine
 10
28.4082081300813
 20
-72.38882021898888
 11
27.7845593495935
 21
-71.73421208890758
  0
LINE
  5
278
100
AcDbEntity
  8
12
  6
ByLayer
 62
  256
370
   -1
100
AcDbLine
 10
27.7845593495935
 20
-71.73421208890758
 11
27.18863739837398
 21
-71.06740233281002
  0
LINE
  5
279
100
AcDbEntity
  8
12
  6
ByLayer
 62
  256
370
   -1
100
AcDbLine
 10
27.18863739837398
 20
-71.06740233281002
 11
26.90162601626017
 21
-70.72926249541165
  0
LINE
  5
27A
100
AcDbEntity
  8
12
  6
ByLayer
 62
  256
370
   -1
100
AcDbLine
 10
26.90162601626017
 20
-70.72926249541165
 11
26.76098861788619
 21
-70.5590316011027
  0
LINE
  5
27B
100
AcDbEntity
  8
12
  6
ByLayer
 62
  256
370
   -1
100
AcDbLine
 10
26.76098861788619
 20
-70.5590316011027
 11
24.79830243902439
 21
-71.27250802386693
  0
LINE
  5
27C
100
AcDbEntity
  8
12
  6
ByLayer
 62
  256
370
   -1
100
AcDbLine
 10
24.79830243902439
 20
-71.27250802386693
 11
24.79985040650407
 21
-71.49332103199701
  0
LINE
  5
27D
100
AcDbEntity
  8
12
  6
ByLayer
 62
  256
370
   -1
100
AcDbLine
 10
24.79985040650407
 20
-71.49332103199701
 11
24.79693658536586
 21
-71.93681371492384
  0
LINE
  5
27E
100
AcDbEntity
  8
12
  6
ByLayer
 62
  256
370
   -1
100
AcDbLine
 10
24.79693658536586
 20
-71.93681371492384
 11
24.76839024390244
 21
-72.83071940598074
  0
LINE
  5
27F
100
AcDbEntity
  8
12
  6
ByLayer
 62
  256
370
   -1
100
AcDbLine
 10
24.76839024390244
 20
-72.83071940598074
 11
24.71070569105692
 21
-73.73295680435474
  0
LINE
  5
280
100
AcDbEntity
  8
12
  6
ByLayer
 62
  256
370
   -1
100
AcDbLine
 10
24.71070569105692
 20
-73.73295680435474
 11
24.62515772357724
 21
-74.64284298321651
  0
LINE
  5
281
100
AcDbEntity
  8
12
  6
ByLayer
 62
  256
370
   -1
100
AcDbLine
 10
24.62515772357724
 20
-74.64284298321651
 11
24.59957073170732
 21
-74.87144135720025
  0
LINE
  5
282
100
AcDbEntity
  8
12
  6
ByLayer
 62
  256
370
   -1
100
AcDbLine
 10
24.59957073170732
 20
-74.87144135720025
 11
22.64157398373984
 21
-75.48657631654986
  0
LINE
  5
283
100
AcDbEntity
  8
12
  6
ByLayer
 62
  256
370
   -1
100
AcDbLine
 10
22.64157398373984
 20
-75.48657631654986
 11
22.48982764227643
 21
-75.3137503002897
  0
LINE
  5
284
100
AcDbEntity
  8
12
  6
ByLayer
 62
  256
370
   -1
100
AcDbLine
 10
22.48982764227643
 20
-75.3137503002897
 11
21.89932357723578
 21
-74.61625436533033
  0
LINE
  5
285
100
AcDbEntity
  8
12
  6
ByLayer
 62
  256
370
   -1
100
AcDbLine
 10
21.89932357723578
 20
-74.61625436533033
 11
21.33595447154472
 21
-73.90910639785066
  0
LINE
  5
286
100
AcDbEntity
  8
12
  6
ByLayer
 62
  256
370
   -1
100
AcDbLine
 10
21.33595447154472
 20
-73.90910639785066
 11
20.80131382113822
 21
-73.19221534094009
  0
LINE
  5
287
100
AcDbEntity
  8
12
  6
ByLayer
 62
  256
370
   -1
100
AcDbLine
 10
20.80131382113822
 20
-73.19221534094009
 11
20.54530731707318
 21
-72.83008200760676
  0
LINE
  5
288
100
AcDbEntity
  8
12
  6
ByLayer
 62
  256
370
   -1
100
AcDbLine
 10
20.54530731707318
 20
-72.83008200760676
 11
20.42024065040651
 21
-72.64805924337912
  0
LINE
  5
289
100
AcDbEntity
  8
12
  6
ByLayer
 62
  256
370
   -1
100
AcDbLine
 10
20.42024065040651
 20
-72.64805924337912
 11
18.40219186991871
 21
-73.18524948728157
  0
LINE
  5
28A
100
AcDbEntity
  8
12
  6
ByLayer
 62
  256
370
   -1
100
AcDbLine
 10
18.40219186991871
 20
-73.18524948728157
 11
18.38420813008131
 21
-73.40537956858238
  0
LINE
  5
28B
100
AcDbEntity
  8
12
  6
ByLayer
 62
  256
370
   -1
100
AcDbLine
 10
18.38420813008131
 20
-73.40537956858238
 11
18.34213983739838
 21
-73.84686899947668
  0
LINE
  5
28C
100
AcDbEntity
  8
12
  6
ByLayer
 62
  256
370
   -1
100
AcDbLine
 10
18.34213983739838
 20
-73.84686899947668
 11
18.23464715447155
 21
-74.73471940598075
  0
LINE
  5
28D
100
AcDbEntity
  8
12
  6
ByLayer
 62
  256
370
   -1
100
AcDbLine
 10
18.23464715447155
 20
-74.73471940598075
 11
18.09746991869919
 21
-75.62835192630595
  0
LINE
  5
28E
100
AcDbEntity
  8
12
  6
ByLayer
 62
  256
370
   -1
100
AcDbLine
 10
18.09746991869919
 20
-75.62835192630595
 11
17.93188292682927
 21
-76.52712916207832
  0
LINE
  5
28F
100
AcDbEntity
  8
12
  6
ByLayer
 62
  256
370
   -1
100
AcDbLine
 10
17.93188292682927
 20
-76.52712916207832
 11
17.88617235772358
 21
-76.75254054419213
  0
LINE
  5
290
100
AcDbEntity
  8
12
  6
ByLayer
 62
  256
370
   -1
100
AcDbLine
 10
17.88617235772358
 20
-76.75254054419213
 11
15.88146341463415
 21
-77.19225436533034
  0
LINE
  5
291
100
AcDbEntity
  8
12
  6
ByLayer
 62
  256
370
   -1
100
AcDbLine
 10
15.88146341463415
 20
-77.19225436533034
 11
15.74560650406504
 21
-77.00668038159051
  0
LINE
  5
292
100
AcDbEntity
  8
12
  6
ByLayer
 62
  256
370
   -1
100
AcDbLine
 10
15.74560650406504
 20
-77.00668038159051
 11
15.21902439024391
 21
-76.25974054419214
  0
LINE
  5
293
100
AcDbEntity
  8
12
  6
ByLayer
 62
  256
370
   -1
100
AcDbLine
 10
15.21902439024391
 20
-76.25974054419214
 11
14.72039674796748
 21
-75.50556168240352
  0
LINE
  5
294
100
AcDbEntity
  8
12
  6
ByLayer
 62
  256
370
   -1
100
AcDbLine
 10
14.72039674796748
 20
-75.50556168240352
 11
14.25118048780488
 21
-74.74423485313523
  0
LINE
  5
295
100
AcDbEntity
  8
12
  6
ByLayer
 62
  256
370
   -1
100
AcDbLine
 10
14.25118048780488
 20
-74.74423485313523
 11
14.02813658536586
 21
-74.36088525963929
  0
LINE
  5
296
100
AcDbEntity
  8
12
  6
ByLayer
 62
  256
370
   -1
100
AcDbLine
 10
14.02813658536586
 20
-74.36088525963929
 11
13.91968780487805
 21
-74.16852753606204
  0
LINE
  5
297
100
AcDbEntity
  8
12
  6
ByLayer
 62
  256
370
   -1
100
AcDbLine
 10
13.91968780487805
 20
-74.16852753606204
 11
11.86207479674797
 21
-74.5252885116718
  0
LINE
  5
298
100
AcDbEntity
  8
12
  6
ByLayer
 62
  256
370
   -1
100
AcDbLine
 10
11.86207479674797
 20
-74.5252885116718
 11
11.82469593495935
 21
-74.74291452793197
  0
LINE
  5
299
100
AcDbEntity
  8
12
  6
ByLayer
 62
  256
370
   -1
100
AcDbLine
 10
11.82469593495935
 20
-74.74291452793197
 11
11.74374634146342
 21
-75.17898607264742
  0
LINE
  5
29A
100
AcDbEntity
  8
12
  6
ByLayer
 62
  256
370
   -1
100
AcDbLine
 10
11.74374634146342
 20
-75.17898607264742
 11
11.55821788617887
 21
-76.05386086939539
  0
LINE
  5
29B
100
AcDbEntity
  8
12
  6
ByLayer
 62
  256
370
   -1
100
AcDbLine
 10
11.55821788617887
 20
-76.05386086939539
 11
11.34259512195123
 21
-76.93187712955799
  0
LINE
  5
29C
100
AcDbEntity
  8
12
  6
ByLayer
 62
  256
370
   -1
100
AcDbLine
 10
11.34259512195123
 20
-76.93187712955799
 11
11.09819837398374
 21
-77.8124885116718
  0
LINE
  5
29D
100
AcDbEntity
  8
12
  6
ByLayer
 62
  256
370
   -1
100
AcDbLine
 10
11.09819837398374
 20
-77.8124885116718
 11
11.03277398373984
 21
-78.03298282061489
  0
LINE
  5
29E
100
AcDbEntity
  8
12
  6
ByLayer
 62
  256
370
   -1
100
AcDbLine
 10
11.03277398373984
 20
-78.03298282061489
 11
8.997060162601638
 21
-78.29381534094011
  0
LINE
  5
29F
100
AcDbEntity
  8
12
  6
ByLayer
 62
  256
370
   -1
100
AcDbLine
 10
8.997060162601638
 20
-78.29381534094011
 11
8.878139837398376
 21
-78.09695030028969
  0
LINE
  5
2A0
100
AcDbEntity
  8
12
  6
ByLayer
 62
  256
370
   -1
100
AcDbLine
 10
8.878139837398376
 20
-78.09695030028969
 11
8.419622764227645
 21
-77.30639420272873
  0
LINE
  5
2A1
100
AcDbEntity
  8
12
  6
ByLayer
 62
  256
370
   -1
100
AcDbLine
 10
8.419622764227645
 20
-77.30639420272873
 11
7.989606504065053
 21
-76.51110314581815
  0
LINE
  5
2A2
100
AcDbEntity
  8
12
  6
ByLayer
 62
  256
370
   -1
100
AcDbLine
 10
7.989606504065053
 20
-76.51110314581815
 11
7.589502439024393
 21
-75.71125924337912
  0
LINE
  5
2A3
100
AcDbEntity
  8
12
  6
ByLayer
 62
  256
370
   -1
100
AcDbLine
 10
7.589502439024393
 20
-75.71125924337912
 11
7.401242276422777
 21
-75.30969826776936
  0
LINE
  5
2A4
100
AcDbEntity
  8
12
  6
ByLayer
 62
  256
370
   -1
100
AcDbLine
 10
7.401242276422777
 20
-75.30969826776936
 11
7.310185365853657
 21
-75.10850802386692
  0
LINE
  5
2A5
100
AcDbEntity
  8
12
  6
ByLayer
 62
  256
370
   -1
100
AcDbLine
 10
7.310185365853657
 20
-75.10850802386692
 11
5.229079674796761
 21
-75.28201696695635
  0
LINE
  5
2A6
100
AcDbEntity
  8
12
  6
ByLayer
 62
  256
370
   -1
100
AcDbLine
 10
-83.2813788617886
 20
10.96422043141763
 11
-83.99999999999999
 21
1.230133632362351e-05
  0
LINE
  5
2A7
100
AcDbEntity
  8
12
  6
ByLayer
 62
  256
370
   -1
100
AcDbLine
 10
-83.99999999999999
 20
1.230133632362351e-05
 11
-83.2813788617886
 21
-10.96419582874498
  0
LINE
  5
2A8
100
AcDbEntity
  8
12
  6
ByLayer
 62
  256
370
   -1
100
AcDbLine
 10
-83.2813788617886
 20
-10.96419582874498
 11
-81.13776260162599
 21
-21.74078119459863
  0
LINE
  5
2A9
100
AcDbEntity
  8
12
  6
ByLayer
 62
  256
370
   -1
100
AcDbLine
 10
-81.13776260162599
 20
-21.74078119459863
 11
-77.60589268292679
 21
-32.14539908077749
  0
LINE
  5
2AA
100
AcDbEntity
  8
12
  6
ByLayer
 62
  256
370
   -1
100
AcDbLine
 10
-77.60589268292679
 20
-32.14539908077749
 11
-72.74613983739836
 21
-41.99998769866367
  0
LINE
  5
2AB
100
AcDbEntity
  8
12
  6
ByLayer
 62
  256
370
   -1
100
AcDbLine
 10
-72.74613983739836
 20
-41.99998769866367
 11
-66.64168455284552
 21
-51.13595517833846
  0
LINE
  5
2AC
100
AcDbEntity
  8
12
  6
ByLayer
 62
  256
370
   -1
100
AcDbLine
 10
-66.64168455284552
 20
-51.13595517833846
 11
-59.39696910569106
 21
-59.39695680435472
  0
LINE
  5
2AD
100
AcDbEntity
  8
12
  6
ByLayer
 62
  256
370
   -1
100
AcDbLine
 10
-59.39696910569106
 20
-59.39695680435472
 11
-51.1359674796748
 21
-66.64167225150921
  0
LINE
  5
2AE
100
AcDbEntity
  8
12
  6
ByLayer
 62
  256
370
   -1
100
AcDbLine
 10
-51.1359674796748
 20
-66.64167225150921
 11
-42
 21
-72.74612753606205
  0
LINE
  5
2AF
100
AcDbEntity
  8
12
  6
ByLayer
 62
  256
370
   -1
100
AcDbLine
 10
-42
 20
-72.74612753606205
 11
-32.14541138211382
 21
-77.6058803815905
  0
LINE
  5
2B0
100
AcDbEntity
  8
12
  6
ByLayer
 62
  256
370
   -1
100
AcDbLine
 10
-32.14541138211382
 20
-77.6058803815905
 11
-21.74079349593496
 21
-81.1377503002897
  0
LINE
  5
2B1
100
AcDbEntity
  8
12
  6
ByLayer
 62
  256
370
   -1
100
AcDbLine
 10
-21.74079349593496
 20
-81.1377503002897
 11
-10.96420813008129
 21
-83.2813665604523
  0
LINE
  5
2B2
100
AcDbEntity
  8
12
  6
ByLayer
 62
  256
370
   -1
100
AcDbLine
 10
-10.96420813008129
 20
-83.2813665604523
 11
8.01862172624131e-15
 21
-83.99998769866367
  0
LINE
  5
2B3
100
AcDbEntity
  8
12
  6
ByLayer
 62
  256
370
   -1
100
AcDbLine
 10
8.01862172624131e-15
 20
-83.99998769866367
 11
10.96420813008131
 21
-83.2813665604523
  0
LINE
  5
2B4
100
AcDbEntity
  8
12
  6
ByLayer
 62
  256
370
   -1
100
AcDbLine
 10
10.96420813008131
 20
-83.2813665604523
 11
21.74079349593497
 21
-81.1377503002897
  0
LINE
  5
2B5
100
AcDbEntity
  8
12
  6
ByLayer
 62
  256
370
   -1
100
AcDbLine
 10
21.74079349593497
 20
-81.1377503002897
 11
32.14541138211382
 21
-77.6058803815905
  0
LINE
  5
2B6
100
AcDbEntity
  8
12
  6
ByLayer
 62
  256
370
   -1
100
AcDbLine
 10
32.14541138211382
 20
-77.6058803815905
 11
42.00000000000001
 21
-72.74612753606205
  0
LINE
  5
2B7
100
AcDbEntity
  8
12
  6
ByLayer
 62
  256
370
   -1
100
AcDbLine
 10
42.00000000000001
 20
-72.74612753606205
 11
51.1359674796748
 21
-66.64167225150921
  0
LINE
  5
2B8
100
AcDbEntity
  8
12
  6
ByLayer
 62
  256
370
   -1
100
AcDbLine
 10
51.1359674796748
 20
-66.64167225150921
 11
59.39696910569106
 21
-59.39695680435474
  0
LINE
  5
2B9
100
AcDbEntity
  8
12
  6
ByLayer
 62
  256
370
   -1
100
AcDbLine
 10
59.39696910569106
 20
-59.39695680435474
 11
66.64168455284553
 21
-51.13595517833848
  0
LINE
  5
2BA
100
AcDbEntity
  8
12
  6
ByLayer
 62
  256
370
   -1
100
AcDbLine
 10
66.64168455284553
 20
-51.13595517833848
 11
72.74613983739839
 21
-41.99998769866369
  0
LINE
  5
2BB
100
AcDbEntity
  8
12
  6
ByLayer
 62
  256
370
   -1
100
AcDbLine
 10
72.74613983739839
 20
-41.99998769866369
 11
77.60589268292685
 21
-32.1453990807775
  0
LINE
  5
2BC
100
AcDbEntity
  8
12
  6
ByLayer
 62
  256
370
   -1
100
AcDbLine
 10
77.60589268292685
 20
-32.1453990807775
 11
81.13776260162602
 21
-21.74078119459864
  0
LINE
  5
2BD
100
AcDbEntity
  8
12
  6
ByLayer
 62
  256
370
   -1
100
AcDbLine
 10
81.13776260162602
 20
-21.74078119459864
 11
83.28137886178862
 21
-10.96419582874499
  0
LINE
  5
2BE
100
AcDbEntity
  8
12
  6
ByLayer
 62
  256
370
   -1
100
AcDbLine
 10
83.28137886178862
 20
-10.96419582874499
 11
84.00000000000001
 21
1.230133631333648e-05
  0
LINE
  5
2BF
100
AcDbEntity
  8
12
  6
ByLayer
 62
  256
370
   -1
100
AcDbLine
 10
84.00000000000001
 20
1.230133631333648e-05
 11
83.28137886178862
 21
10.96422043141762
  0
LINE
  5
2C0
100
AcDbEntity
  8
40
  6
ByLayer
 62
  256
370
   -1
100
AcDbLine
 10
4.750484552845536
 20
-74.74568842794143
 11
4.750484552845536
 21
-74.74568842794143
  0
LINE
  5
2C1
100
AcDbEntity
  8
40
  6
ByLayer
 62
  256
370
   -1
100
AcDbLine
 10
4.750484552845536
 20
-74.74568842794143
 11
4.645404878048787
 21
-74.86624777753492
  0
LINE
  5
2C2
100
AcDbEntity
  8
40
  6
ByLayer
 62
  256
370
   -1
100
AcDbLine
 10
4.645404878048787
 20
-74.86624777753492
 11
4.62323252032521
 21
-74.96053720842923
  0
LINE
  5
2C3
100
AcDbEntity
  8
40
  6
ByLayer
 62
  256
370
   -1
100
AcDbLine
 10
4.62323252032521
 20
-74.96053720842923
 11
4.616676422764234
 21
-75.04995509460809
  0
LINE
  5
2C4
100
AcDbEntity
  8
40
  6
ByLayer
 62
  256
370
   -1
100
AcDbLine
 10
4.616676422764234
 20
-75.04995509460809
 11
4.627466666666673
 21
-75.22141525720973
  0
LINE
  5
2C5
100
AcDbEntity
  8
40
  6
ByLayer
 62
  256
370
   -1
100
AcDbLine
 10
4.627466666666673
 20
-75.22141525720973
 11
4.655512195121958
 21
-75.38763964745363
  0
LINE
  5
2C6
100
AcDbEntity
  8
40
  6
ByLayer
 62
  256
370
   -1
100
AcDbLine
 10
4.655512195121958
 20
-75.38763964745363
 11
4.676364227642283
 21
-75.55595834664062
  0
LINE
  5
2C7
100
AcDbEntity
  8
40
  6
ByLayer
 62
  256
370
   -1
100
AcDbLine
 10
4.676364227642283
 20
-75.55595834664062
 11
4.692390243902446
 21
-75.8999713547707
  0
LINE
  5
2C8
100
AcDbEntity
  8
40
  6
ByLayer
 62
  256
370
   -1
100
AcDbLine
 10
4.692390243902446
 20
-75.8999713547707
 11
4.68173658536586
 21
-76.25122338729102
  0
LINE
  5
2C9
100
AcDbEntity
  8
40
  6
ByLayer
 62
  256
370
   -1
100
AcDbLine
 10
4.68173658536586
 20
-76.25122338729102
 11
4.648546341463422
 21
-76.60798436290078
  0
LINE
  5
2CA
100
AcDbEntity
  8
40
  6
ByLayer
 62
  256
370
   -1
100
AcDbLine
 10
4.648546341463422
 20
-76.60798436290078
 11
4.594868292682934
 21
-76.96934371249428
  0
LINE
  5
2CB
100
AcDbEntity
  8
40
  6
ByLayer
 62
  256
370
   -1
100
AcDbLine
 10
4.594868292682934
 20
-76.96934371249428
 11
4.522068292682934
 21
-77.33439086696582
  0
LINE
  5
2CC
100
AcDbEntity
  8
40
  6
ByLayer
 62
  256
370
   -1
100
AcDbLine
 10
4.522068292682934
 20
-77.33439086696582
 11
4.431011382113828
 21
-77.70244289948614
  0
LINE
  5
2CD
100
AcDbEntity
  8
40
  6
ByLayer
 62
  256
370
   -1
100
AcDbLine
 10
4.431011382113828
 20
-77.70244289948614
 11
4.3223349593496
 21
-78.07299899704712
  0
LINE
  5
2CE
100
AcDbEntity
  8
40
  6
ByLayer
 62
  256
370
   -1
100
AcDbLine
 10
4.3223349593496
 20
-78.07299899704712
 11
4.229547967479682
 21
-78.35213395639671
  0
LINE
  5
2CF
100
AcDbEntity
  8
40
  6
ByLayer
 62
  256
370
   -1
100
AcDbLine
 10
4.229547967479682
 20
-78.35213395639671
 11
2.305105691056917
 21
-78.68799737103086
  0
LINE
  5
2D0
100
AcDbEntity
  8
40
  6
ByLayer
 62
  256
370
   -1
100
AcDbLine
 10
2.305105691056917
 20
-78.68799737103086
 11
2.123219512195127
 21
-78.4568038750959
  0
LINE
  5
2D1
100
AcDbEntity
  8
40
  6
ByLayer
 62
  256
370
   -1
100
AcDbLine
 10
2.123219512195127
 20
-78.4568038750959
 11
1.895486178861794
 21
-78.144979484852
  0
LINE
  5
2D2
100
AcDbEntity
  8
40
  6
ByLayer
 62
  256
370
   -1
100
AcDbLine
 10
1.895486178861794
 20
-78.144979484852
 11
1.685099186991876
 21
-77.82951281818534
  0
LINE
  5
2D3
100
AcDbEntity
  8
40
  6
ByLayer
 62
  256
370
   -1
100
AcDbLine
 10
1.685099186991876
 20
-77.82951281818534
 11
1.492969105691064
 21
-77.51072257428289
  0
LINE
  5
2D4
100
AcDbEntity
  8
40
  6
ByLayer
 62
  256
370
   -1
100
AcDbLine
 10
1.492969105691064
 20
-77.51072257428289
 11
1.320052032520332
 21
-77.18892745233167
  0
LINE
  5
2D5
100
AcDbEntity
  8
40
  6
ByLayer
 62
  256
370
   -1
100
AcDbLine
 10
1.320052032520332
 20
-77.18892745233167
 11
1.167941463414641
 21
-76.86444615151866
  0
LINE
  5
2D6
100
AcDbEntity
  8
40
  6
ByLayer
 62
  256
370
   -1
100
AcDbLine
 10
1.167941463414641
 20
-76.86444615151866
 11
1.039004878048786
 21
-76.53759737103086
  0
LINE
  5
2D7
100
AcDbEntity
  8
40
  6
ByLayer
 62
  256
370
   -1
100
AcDbLine
 10
1.039004878048786
 20
-76.53759737103086
 11
0.937521951219518
 21
-76.20847216777882
  0
LINE
  5
2D8
100
AcDbEntity
  8
40
  6
ByLayer
 62
  256
370
   -1
100
AcDbLine
 10
0.937521951219518
 20
-76.20847216777882
 11
0.9000975609756171
 21
-76.04306728973005
  0
LINE
  5
2D9
100
AcDbEntity
  8
40
  6
ByLayer
 62
  256
370
   -1
100
AcDbLine
 10
0.9000975609756171
 20
-76.04306728973005
 11
0.870185365853664
 21
-75.87716159867314
  0
LINE
  5
2DA
100
AcDbEntity
  8
40
  6
ByLayer
 62
  256
370
   -1
100
AcDbLine
 10
0.870185365853664
 20
-75.87716159867314
 11
0.8222439024390312
 21
-75.71216647672192
  0
LINE
  5
2DB
100
AcDbEntity
  8
40
  6
ByLayer
 62
  256
370
   -1
100
AcDbLine
 10
0.8222439024390312
 20
-75.71216647672192
 11
0.7858211382113889
 21
-75.630260785665
  0
LINE
  5
2DC
100
AcDbEntity
  8
40
  6
ByLayer
 62
  256
370
   -1
100
AcDbLine
 10
0.7858211382113889
 20
-75.630260785665
 11
0.7330081300813053
 21
-75.54908354989264
  0
LINE
  5
2DD
100
AcDbEntity
  8
40
  6
ByLayer
 62
  256
370
   -1
100
AcDbLine
 10
0.7330081300813053
 20
-75.54908354989264
 11
0.5933268292683
 21
-75.47122989135606
  0
LINE
  5
2DE
100
AcDbEntity
  8
40
  6
ByLayer
 62
  256
370
   -1
100
AcDbLine
 10
0.5933268292683
 20
-75.47122989135606
 11
-1.330887804878043
 21
-75.42588354989265
  0
LINE
  5
2DF
100
AcDbEntity
  8
40
  6
ByLayer
 62
  256
370
   -1
100
AcDbLine
 10
-1.330887804878043
 20
-75.42588354989265
 11
-1.474120325203247
 21
-75.4970445255024
  0
LINE
  5
2E0
100
AcDbEntity
  8
40
  6
ByLayer
 62
  256
370
   -1
100
AcDbLine
 10
-1.474120325203247
 20
-75.4970445255024
 11
-1.53066666666666
 21
-75.57567216777883
  0
LINE
  5
2E1
100
AcDbEntity
  8
40
  6
ByLayer
 62
  256
370
   -1
100
AcDbLine
 10
-1.53066666666666
 20
-75.57567216777883
 11
-1.570959349593488
 21
-75.65575672062435
  0
LINE
  5
2E2
100
AcDbEntity
  8
40
  6
ByLayer
 62
  256
370
   -1
100
AcDbLine
 10
-1.570959349593488
 20
-75.65575672062435
 11
-1.626595121951212
 21
-75.81829330599021
  0
LINE
  5
2E3
100
AcDbEntity
  8
40
  6
ByLayer
 62
  256
370
   -1
100
AcDbLine
 10
-1.626595121951212
 20
-75.81829330599021
 11
-1.664292682926822
 21
-75.98260550111216
  0
LINE
  5
2E4
100
AcDbEntity
  8
40
  6
ByLayer
 62
  256
370
   -1
100
AcDbLine
 10
-1.664292682926822
 20
-75.98260550111216
 11
-1.709456910569099
 21
-76.14609818403899
  0
LINE
  5
2E5
100
AcDbEntity
  8
40
  6
ByLayer
 62
  256
370
   -1
100
AcDbLine
 10
-1.709456910569099
 20
-76.14609818403899
 11
-1.826328455284546
 21
-76.47007867184386
  0
LINE
  5
2E6
100
AcDbEntity
  8
40
  6
ByLayer
 62
  256
370
   -1
100
AcDbLine
 10
-1.826328455284546
 20
-76.47007867184386
 11
-1.970517073170725
 21
-76.79050794013655
  0
LINE
  5
2E7
100
AcDbEntity
  8
40
  6
ByLayer
 62
  256
370
   -1
100
AcDbLine
 10
-1.970517073170725
 20
-76.79050794013655
 11
-2.137743089430889
 21
-77.10743151737232
  0
LINE
  5
2E8
100
AcDbEntity
  8
40
  6
ByLayer
 62
  256
370
   -1
100
AcDbLine
 10
-2.137743089430889
 20
-77.10743151737232
 11
-2.325593495934952
 21
-77.42071281818534
  0
LINE
  5
2E9
100
AcDbEntity
  8
40
  6
ByLayer
 62
  256
370
   -1
100
AcDbLine
 10
-2.325593495934952
 20
-77.42071281818534
 11
-2.53256585365853
 21
-77.73012420029914
  0
LINE
  5
2EA
100
AcDbEntity
  8
40
  6
ByLayer
 62
  256
370
   -1
100
AcDbLine
 10
-2.53256585365853
 20
-77.73012420029914
 11
-2.757567479674788
 21
-78.03534696452679
  0
LINE
  5
2EB
100
AcDbEntity
  8
40
  6
ByLayer
 62
  256
370
   -1
100
AcDbLine
 10
-2.757567479674788
 20
-78.03534696452679
 11
-2.999778861788611
 21
-78.33606241168127
  0
LINE
  5
2EC
100
AcDbEntity
  8
40
  6
ByLayer
 62
  256
370
   -1
100
AcDbLine
 10
-2.999778861788611
 20
-78.33606241168127
 11
-3.192318699186987
 21
-78.5584689157463
  0
LINE
  5
2ED
100
AcDbEntity
  8
40
  6
ByLayer
 62
  256
370
   -1
100
AcDbLine
 10
-3.192318699186987
 20
-78.5584689157463
 11
-5.098822764227633
 21
-78.13227704582761
  0
LINE
  5
2EE
100
AcDbEntity
  8
40
  6
ByLayer
 62
  256
370
   -1
100
AcDbLine
 10
-5.098822764227633
 20
-78.13227704582761
 11
-5.178315447154466
 21
-77.8490900539577
  0
LINE
  5
2EF
100
AcDbEntity
  8
40
  6
ByLayer
 62
  256
370
   -1
100
AcDbLine
 10
-5.178315447154466
 20
-77.8490900539577
 11
-5.269417886178856
 21
-77.4738445255024
  0
LINE
  5
2F0
100
AcDbEntity
  8
40
  6
ByLayer
 62
  256
370
   -1
100
AcDbLine
 10
-5.269417886178856
 20
-77.4738445255024
 11
-5.343037398373978
 21
-77.10187704582761
  0
LINE
  5
2F1
100
AcDbEntity
  8
40
  6
ByLayer
 62
  256
370
   -1
100
AcDbLine
 10
-5.343037398373978
 20
-77.10187704582761
 11
-5.398582113821132
 21
-76.73382501330728
  0
LINE
  5
2F2
100
AcDbEntity
  8
40
  6
ByLayer
 62
  256
370
   -1
100
AcDbLine
 10
-5.398582113821132
 20
-76.73382501330728
 11
-5.435186991869914
 21
-76.3703713547707
  0
LINE
  5
2F3
100
AcDbEntity
  8
40
  6
ByLayer
 62
  256
370
   -1
100
AcDbLine
 10
-5.435186991869914
 20
-76.3703713547707
 11
-5.451531707317068
 21
-76.01238111086826
  0
LINE
  5
2F4
100
AcDbEntity
  8
40
  6
ByLayer
 62
  256
370
   -1
100
AcDbLine
 10
-5.451531707317068
 20
-76.01238111086826
 11
-5.445613008130074
 21
-75.66108354989265
  0
LINE
  5
2F5
100
AcDbEntity
  8
40
  6
ByLayer
 62
  256
370
   -1
100
AcDbLine
 10
-5.445613008130074
 20
-75.66108354989265
 11
-5.413378861788609
 21
-75.3181632246894
  0
LINE
  5
2F6
100
AcDbEntity
  8
40
  6
ByLayer
 62
  256
370
   -1
100
AcDbLine
 10
-5.413378861788609
 20
-75.3181632246894
 11
-5.384650406504057
 21
-75.1510282653398
  0
LINE
  5
2F7
100
AcDbEntity
  8
40
  6
ByLayer
 62
  256
370
   -1
100
AcDbLine
 10
-5.384650406504057
 20
-75.1510282653398
 11
-5.348819512195115
 21
-74.98630631412028
  0
LINE
  5
2F8
100
AcDbEntity
  8
40
  6
ByLayer
 62
  256
370
   -1
100
AcDbLine
 10
-5.348819512195115
 20
-74.98630631412028
 11
-5.329970731707308
 21
-74.81552907834794
  0
LINE
  5
2F9
100
AcDbEntity
  8
40
  6
ByLayer
 62
  256
370
   -1
100
AcDbLine
 10
-5.329970731707308
 20
-74.81552907834794
 11
-5.332292682926822
 21
-74.72592907834793
  0
LINE
  5
2FA
100
AcDbEntity
  8
40
  6
ByLayer
 62
  256
370
   -1
100
AcDbLine
 10
-5.332292682926822
 20
-74.72592907834793
 11
-5.350003252032513
 21
-74.63068354989265
  0
LINE
  5
2FB
100
AcDbEntity
  8
40
  6
ByLayer
 62
  256
370
   -1
100
AcDbLine
 10
-5.350003252032513
 20
-74.63068354989265
 11
-5.449300813008125
 21
-74.50534371249428
  0
LINE
  5
2FC
100
AcDbEntity
  8
40
  6
ByLayer
 62
  256
370
   -1
100
AcDbLine
 10
-5.449300813008125
 20
-74.50534371249428
 11
-7.209658536585358
 21
-73.72708029786013
  0
LINE
  5
2FD
100
AcDbEntity
  8
40
  6
ByLayer
 62
  256
370
   -1
100
AcDbLine
 10
-7.209658536585358
 20
-73.72708029786013
 11
-7.369190243902433
 21
-73.73800712712843
  0
LINE
  5
2FE
100
AcDbEntity
  8
40
  6
ByLayer
 62
  256
370
   -1
100
AcDbLine
 10
-7.369190243902433
 20
-73.73800712712843
 11
-7.451551219512189
 21
-73.78899899704712
  0
LINE
  5
2FF
100
AcDbEntity
  8
40
  6
ByLayer
 62
  256
370
   -1
100
AcDbLine
 10
-7.451551219512189
 20
-73.78899899704712
 11
-7.519388617886173
 21
-73.84759411899834
  0
LINE
  5
300
100
AcDbEntity
  8
40
  6
ByLayer
 62
  256
370
   -1
100
AcDbLine
 10
-7.519388617886173
 20
-73.84759411899834
 11
-7.633027642276416
 21
-73.97643964745362
  0
LINE
  5
301
100
AcDbEntity
  8
40
  6
ByLayer
 62
  256
370
   -1
100
AcDbLine
 10
-7.633027642276416
 20
-73.97643964745362
 11
-7.730731707317068
 21
-74.1138445255024
  0
LINE
  5
302
100
AcDbEntity
  8
40
  6
ByLayer
 62
  256
370
   -1
100
AcDbLine
 10
-7.730731707317068
 20
-74.1138445255024
 11
-7.835037398373976
 21
-74.24760712712842
  0
LINE
  5
303
100
AcDbEntity
  8
40
  6
ByLayer
 62
  256
370
   -1
100
AcDbLine
 10
-7.835037398373976
 20
-74.24760712712842
 11
-8.066959349593491
 21
-74.50215672062436
  0
LINE
  5
304
100
AcDbEntity
  8
40
  6
ByLayer
 62
  256
370
   -1
100
AcDbLine
 10
-8.066959349593491
 20
-74.50215672062436
 11
-8.322829268292679
 21
-74.74300224907964
  0
LINE
  5
305
100
AcDbEntity
  8
40
  6
ByLayer
 62
  256
370
   -1
100
AcDbLine
 10
-8.322829268292679
 20
-74.74300224907964
 11
-8.598595121951217
 21
-74.97182826533981
  0
LINE
  5
306
100
AcDbEntity
  8
40
  6
ByLayer
 62
  256
370
   -1
100
AcDbLine
 10
-8.598595121951217
 20
-74.97182826533981
 11
-8.892026016260159
 21
-75.1893632246894
  0
LINE
  5
307
100
AcDbEntity
  8
40
  6
ByLayer
 62
  256
370
   -1
100
AcDbLine
 10
-8.892026016260159
 20
-75.1893632246894
 11
-9.201665040650404
 21
-75.39601688322598
  0
LINE
  5
308
100
AcDbEntity
  8
40
  6
ByLayer
 62
  256
370
   -1
100
AcDbLine
 10
-9.201665040650404
 20
-75.39601688322598
 11
-9.526328455284549
 21
-75.59192582631542
  0
LINE
  5
309
100
AcDbEntity
  8
40
  6
ByLayer
 62
  256
370
   -1
100
AcDbLine
 10
-9.526328455284549
 20
-75.59192582631542
 11
-9.865151219512191
 21
-75.7770445255024
  0
LINE
  5
30A
100
AcDbEntity
  8
40
  6
ByLayer
 62
  256
370
   -1
100
AcDbLine
 10
-9.865151219512191
 20
-75.7770445255024
 11
-10.12816910569105
 21
-75.90884940355119
  0
LINE
  5
30B
100
AcDbEntity
  8
40
  6
ByLayer
 62
  256
370
   -1
100
AcDbLine
 10
-10.12816910569105
 20
-75.90884940355119
 11
-11.72644552845528
 21
-74.78552582631541
  0
LINE
  5
30C
100
AcDbEntity
  8
40
  6
ByLayer
 62
  256
370
   -1
100
AcDbLine
 10
-11.72644552845528
 20
-74.78552582631541
 11
-11.69152520325203
 21
-74.49346078566501
  0
LINE
  5
30D
100
AcDbEntity
  8
40
  6
ByLayer
 62
  256
370
   -1
100
AcDbLine
 10
-11.69152520325203
 20
-74.49346078566501
 11
-11.63211056910568
 21
-74.11193233038045
  0
LINE
  5
30E
100
AcDbEntity
  8
40
  6
ByLayer
 62
  256
370
   -1
100
AcDbLine
 10
-11.63211056910568
 20
-74.11193233038045
 11
-11.5578081300813
 21
-73.74010143607151
  0
LINE
  5
30F
100
AcDbEntity
  8
40
  6
ByLayer
 62
  256
370
   -1
100
AcDbLine
 10
-11.5578081300813
 20
-73.74010143607151
 11
-11.46825365853658
 21
-73.3787876149333
  0
LINE
  5
310
100
AcDbEntity
  8
40
  6
ByLayer
 62
  256
370
   -1
100
AcDbLine
 10
-11.46825365853658
 20
-73.3787876149333
 11
-11.36294634146341
 21
-73.02899249298208
  0
LINE
  5
311
100
AcDbEntity
  8
40
  6
ByLayer
 62
  256
370
   -1
100
AcDbLine
 10
-11.36294634146341
 20
-73.02899249298208
 11
-11.24106666666666
 21
-72.6920363954211
  0
LINE
  5
312
100
AcDbEntity
  8
40
  6
ByLayer
 62
  256
370
   -1
100
AcDbLine
 10
-11.24106666666666
 20
-72.6920363954211
 11
-11.10115772357723
 21
-72.36969493200647
  0
LINE
  5
313
100
AcDbEntity
  8
40
  6
ByLayer
 62
  256
370
   -1
100
AcDbLine
 10
-11.10115772357723
 20
-72.36969493200647
 11
-10.94016910569105
 21
-72.06524615151866
  0
LINE
  5
314
100
AcDbEntity
  8
40
  6
ByLayer
 62
  256
370
   -1
100
AcDbLine
 10
-10.94016910569105
 20
-72.06524615151866
 11
-10.84965853658536
 21
-71.92178598891704
  0
LINE
  5
315
100
AcDbEntity
  8
40
  6
ByLayer
 62
  256
370
   -1
100
AcDbLine
 10
-10.84965853658536
 20
-71.92178598891704
 11
-10.75350243902438
 21
-71.78333395639672
  0
LINE
  5
316
100
AcDbEntity
  8
40
  6
ByLayer
 62
  256
370
   -1
100
AcDbLine
 10
-10.75350243902438
 20
-71.78333395639672
 11
-10.67073170731707
 21
-71.63281688322598
  0
LINE
  5
317
100
AcDbEntity
  8
40
  6
ByLayer
 62
  256
370
   -1
100
AcDbLine
 10
-10.67073170731707
 20
-71.63281688322598
 11
-10.63858861788617
 21
-71.54909005395768
  0
LINE
  5
318
100
AcDbEntity
  8
40
  6
ByLayer
 62
  256
370
   -1
100
AcDbLine
 10
-10.63858861788617
 20
-71.54909005395768
 11
-10.61851056910568
 21
-71.45434533851054
  0
LINE
  5
319
100
AcDbEntity
  8
40
  6
ByLayer
 62
  256
370
   -1
100
AcDbLine
 10
-10.61851056910568
 20
-71.45434533851054
 11
-10.66226341463414
 21
-71.30055021655932
  0
LINE
  5
31A
100
AcDbEntity
  8
40
  6
ByLayer
 62
  256
370
   -1
100
AcDbLine
 10
-10.66226341463414
 20
-71.30055021655932
 11
-11.99082926829268
 21
-69.90783476940484
  0
LINE
  5
31B
100
AcDbEntity
  8
40
  6
ByLayer
 62
  256
370
   -1
100
AcDbLine
 10
-11.99082926829268
 20
-69.90783476940484
 11
-12.14239349593495
 21
-69.85688842794143
  0
LINE
  5
31C
100
AcDbEntity
  8
40
  6
ByLayer
 62
  256
370
   -1
100
AcDbLine
 10
-12.14239349593495
 20
-69.85688842794143
 11
-12.23800325203251
 21
-69.87250468810403
  0
LINE
  5
31D
100
AcDbEntity
  8
40
  6
ByLayer
 62
  256
370
   -1
100
AcDbLine
 10
-12.23800325203251
 20
-69.87250468810403
 11
-12.32309593495935
 21
-69.90064127346989
  0
LINE
  5
31E
100
AcDbEntity
  8
40
  6
ByLayer
 62
  256
370
   -1
100
AcDbLine
 10
-12.32309593495935
 20
-69.90064127346989
 11
-12.47739186991869
 21
-69.97626403769752
  0
LINE
  5
31F
100
AcDbEntity
  8
40
  6
ByLayer
 62
  256
370
   -1
100
AcDbLine
 10
-12.47739186991869
 20
-69.97626403769752
 11
-12.62021463414633
 21
-70.06577298078696
  0
LINE
  5
320
100
AcDbEntity
  8
40
  6
ByLayer
 62
  256
370
   -1
100
AcDbLine
 10
-12.62021463414633
 20
-70.06577298078696
 11
-12.76777235772357
 21
-70.14940875314468
  0
LINE
  5
321
100
AcDbEntity
  8
40
  6
ByLayer
 62
  256
370
   -1
100
AcDbLine
 10
-12.76777235772357
 20
-70.14940875314468
 11
-13.0795056910569
 21
-70.29587379379508
  0
LINE
  5
322
100
AcDbEntity
  8
40
  6
ByLayer
 62
  256
370
   -1
100
AcDbLine
 10
-13.0795056910569
 20
-70.29587379379508
 11
-13.40803902439024
 21
-70.42048517590891
  0
LINE
  5
323
100
AcDbEntity
  8
40
  6
ByLayer
 62
  256
370
   -1
100
AcDbLine
 10
-13.40803902439024
 20
-70.42048517590891
 11
-13.75036747967479
 21
-70.5263388344455
  0
LINE
  5
324
100
AcDbEntity
  8
40
  6
ByLayer
 62
  256
370
   -1
100
AcDbLine
 10
-13.75036747967479
 20
-70.5263388344455
 11
-14.10471544715447
 21
-70.6150282653398
  0
LINE
  5
325
100
AcDbEntity
  8
40
  6
ByLayer
 62
  256
370
   -1
100
AcDbLine
 10
-14.10471544715447
 20
-70.6150282653398
 11
-14.46985365853658
 21
-70.68746403769752
  0
LINE
  5
326
100
AcDbEntity
  8
40
  6
ByLayer
 62
  256
370
   -1
100
AcDbLine
 10
-14.46985365853658
 20
-70.68746403769752
 11
-14.84478048780487
 21
-70.74419249298208
  0
LINE
  5
327
100
AcDbEntity
  8
40
  6
ByLayer
 62
  256
370
   -1
100
AcDbLine
 10
-14.84478048780487
 20
-70.74419249298208
 11
-15.22867642276422
 21
-70.78557785883574
  0
LINE
  5
328
100
AcDbEntity
  8
40
  6
ByLayer
 62
  256
370
   -1
100
AcDbLine
 10
-15.22867642276422
 20
-70.78557785883574
 11
-15.52210731707316
 21
-70.80670306208776
  0
LINE
  5
329
100
AcDbEntity
  8
40
  6
ByLayer
 62
  256
370
   -1
100
AcDbLine
 10
-15.52210731707316
 20
-70.80670306208776
 11
-16.56885203252032
 21
-69.1572526555837
  0
LINE
  5
32A
100
AcDbEntity
  8
40
  6
ByLayer
 62
  256
370
   -1
100
AcDbLine
 10
-16.56885203252032
 20
-69.1572526555837
 11
-16.42484552845528
 21
-68.90074533851053
  0
LINE
  5
32B
100
AcDbEntity
  8
40
  6
ByLayer
 62
  256
370
   -1
100
AcDbLine
 10
-16.42484552845528
 20
-68.90074533851053
 11
-16.22392845528454
 21
-68.57102826533981
  0
LINE
  5
32C
100
AcDbEntity
  8
40
  6
ByLayer
 62
  256
370
   -1
100
AcDbLine
 10
-16.22392845528454
 20
-68.57102826533981
 11
-16.01294959349593
 21
-68.25592582631542
  0
LINE
  5
32D
100
AcDbEntity
  8
40
  6
ByLayer
 62
  256
370
   -1
100
AcDbLine
 10
-16.01294959349593
 20
-68.25592582631542
 11
-15.79195447154471
 21
-67.95639411899833
  0
LINE
  5
32E
100
AcDbEntity
  8
40
  6
ByLayer
 62
  256
370
   -1
100
AcDbLine
 10
-15.79195447154471
 20
-67.95639411899833
 11
-15.56085203252032
 21
-67.67352582631541
  0
LINE
  5
32F
100
AcDbEntity
  8
40
  6
ByLayer
 62
  256
370
   -1
100
AcDbLine
 10
-15.56085203252032
 20
-67.67352582631541
 11
-15.31927804878048
 21
-67.40882338729102
  0
LINE
  5
330
100
AcDbEntity
  8
40
  6
ByLayer
 62
  256
370
   -1
100
AcDbLine
 10
-15.31927804878048
 20
-67.40882338729102
 11
-15.0666406504065
 21
-67.16460875314468
  0
LINE
  5
331
100
AcDbEntity
  8
40
  6
ByLayer
 62
  256
370
   -1
100
AcDbLine
 10
-15.0666406504065
 20
-67.16460875314468
 11
-14.80143739837398
 21
-66.94493395639671
  0
LINE
  5
332
100
AcDbEntity
  8
40
  6
ByLayer
 62
  256
370
   -1
100
AcDbLine
 10
-14.80143739837398
 20
-66.94493395639671
 11
-14.66289430894308
 21
-66.84704777753493
  0
LINE
  5
333
100
AcDbEntity
  8
40
  6
ByLayer
 62
  256
370
   -1
100
AcDbLine
 10
-14.66289430894308
 20
-66.84704777753493
 11
-14.5210731707317
 21
-66.75589981005525
  0
LINE
  5
334
100
AcDbEntity
  8
40
  6
ByLayer
 62
  256
370
   -1
100
AcDbLine
 10
-14.5210731707317
 20
-66.75589981005525
 11
-14.38699186991869
 21
-66.64849818403898
  0
LINE
  5
335
100
AcDbEntity
  8
40
  6
ByLayer
 62
  256
370
   -1
100
AcDbLine
 10
-14.38699186991869
 20
-66.64849818403898
 11
-14.32525528455284
 21
-66.58348354989265
  0
LINE
  5
336
100
AcDbEntity
  8
40
  6
ByLayer
 62
  256
370
   -1
100
AcDbLine
 10
-14.32525528455284
 20
-66.58348354989265
 11
-14.27043902439024
 21
-66.50362663932354
  0
LINE
  5
337
100
AcDbEntity
  8
40
  6
ByLayer
 62
  256
370
   -1
100
AcDbLine
 10
-14.27043902439024
 20
-66.50362663932354
 11
-14.25204552845528
 21
-66.34477785883574
  0
LINE
  5
338
100
AcDbEntity
  8
40
  6
ByLayer
 62
  256
370
   -1
100
AcDbLine
 10
-14.25204552845528
 20
-66.34477785883574
 11
-14.94649105691056
 21
-64.54968192387639
  0
LINE
  5
339
100
AcDbEntity
  8
40
  6
ByLayer
 62
  256
370
   -1
100
AcDbLine
 10
-14.94649105691056
 20
-64.54968192387639
 11
-15.06705040650406
 21
-64.44460224907964
  0
LINE
  5
33A
100
AcDbEntity
  8
40
  6
ByLayer
 62
  256
370
   -1
100
AcDbLine
 10
-15.06705040650406
 20
-64.44460224907964
 11
-15.16133983739837
 21
-64.42242989135606
  0
LINE
  5
33B
100
AcDbEntity
  8
40
  6
ByLayer
 62
  256
370
   -1
100
AcDbLine
 10
-15.16133983739837
 20
-64.42242989135606
 11
-15.25071219512195
 21
-64.41587379379509
  0
LINE
  5
33C
100
AcDbEntity
  8
40
  6
ByLayer
 62
  256
370
   -1
100
AcDbLine
 10
-15.25071219512195
 20
-64.41587379379509
 11
-15.42217235772357
 21
-64.42666403769752
  0
LINE
  5
33D
100
AcDbEntity
  8
40
  6
ByLayer
 62
  256
370
   -1
100
AcDbLine
 10
-15.42217235772357
 20
-64.42666403769752
 11
-15.58839674796747
 21
-64.45470956615281
  0
LINE
  5
33E
100
AcDbEntity
  8
40
  6
ByLayer
 62
  256
370
   -1
100
AcDbLine
 10
-15.58839674796747
 20
-64.45470956615281
 11
-15.75676097560975
 21
-64.47556159867314
  0
LINE
  5
33F
100
AcDbEntity
  8
40
  6
ByLayer
 62
  256
370
   -1
100
AcDbLine
 10
-15.75676097560975
 20
-64.47556159867314
 11
-16.10077398373983
 21
-64.49158761493329
  0
LINE
  5
340
100
AcDbEntity
  8
40
  6
ByLayer
 62
  256
370
   -1
100
AcDbLine
 10
-16.10077398373983
 20
-64.49158761493329
 11
-16.45198048780487
 21
-64.48093395639671
  0
LINE
  5
341
100
AcDbEntity
  8
40
  6
ByLayer
 62
  256
370
   -1
100
AcDbLine
 10
-16.45198048780487
 20
-64.48093395639671
 11
-16.80878699186991
 21
-64.44774371249427
  0
LINE
  5
342
100
AcDbEntity
  8
40
  6
ByLayer
 62
  256
370
   -1
100
AcDbLine
 10
-16.80878699186991
 20
-64.44774371249427
 11
-17.17010081300812
 21
-64.39406566371379
  0
LINE
  5
343
100
AcDbEntity
  8
40
  6
ByLayer
 62
  256
370
   -1
100
AcDbLine
 10
-17.17010081300812
 20
-64.39406566371379
 11
-17.53514796747967
 21
-64.32126566371379
  0
LINE
  5
344
100
AcDbEntity
  8
40
  6
ByLayer
 62
  256
370
   -1
100
AcDbLine
 10
-17.53514796747967
 20
-64.32126566371379
 11
-17.90324552845528
 21
-64.23020875314468
  0
LINE
  5
345
100
AcDbEntity
  8
40
  6
ByLayer
 62
  256
370
   -1
100
AcDbLine
 10
-17.90324552845528
 20
-64.23020875314468
 11
-18.27375609756097
 21
-64.12153233038045
  0
LINE
  5
346
100
AcDbEntity
  8
40
  6
ByLayer
 62
  256
370
   -1
100
AcDbLine
 10
-18.27375609756097
 20
-64.12153233038045
 11
-18.55293658536585
 21
-64.02874533851053
  0
LINE
  5
347
100
AcDbEntity
  8
40
  6
ByLayer
 62
  256
370
   -1
100
AcDbLine
 10
-18.55293658536585
 20
-64.02874533851053
 11
-18.88879999999999
 21
-62.10430306208777
  0
LINE
  5
348
100
AcDbEntity
  8
40
  6
ByLayer
 62
  256
370
   -1
100
AcDbLine
 10
-18.88879999999999
 20
-62.10430306208777
 11
-18.65756097560975
 21
-61.92241688322598
  0
LINE
  5
349
100
AcDbEntity
  8
40
  6
ByLayer
 62
  256
370
   -1
100
AcDbLine
 10
-18.65756097560975
 20
-61.92241688322598
 11
-18.34578211382113
 21
-61.69468354989264
  0
LINE
  5
34A
100
AcDbEntity
  8
40
  6
ByLayer
 62
  256
370
   -1
100
AcDbLine
 10
-18.34578211382113
 20
-61.69468354989264
 11
-18.03031544715446
 21
-61.48429655802273
  0
LINE
  5
34B
100
AcDbEntity
  8
40
  6
ByLayer
 62
  256
370
   -1
100
AcDbLine
 10
-18.03031544715446
 20
-61.48429655802273
 11
-17.71147967479674
 21
-61.29216647672192
  0
LINE
  5
34C
100
AcDbEntity
  8
40
  6
ByLayer
 62
  256
370
   -1
100
AcDbLine
 10
-17.71147967479674
 20
-61.29216647672192
 11
-17.38968455284552
 21
-61.11924940355119
  0
LINE
  5
34D
100
AcDbEntity
  8
40
  6
ByLayer
 62
  256
370
   -1
100
AcDbLine
 10
-17.38968455284552
 20
-61.11924940355119
 11
-17.0652487804878
 21
-60.96713883444549
  0
LINE
  5
34E
100
AcDbEntity
  8
40
  6
ByLayer
 62
  256
370
   -1
100
AcDbLine
 10
-17.0652487804878
 20
-60.96713883444549
 11
-16.73839999999999
 21
-60.83820224907964
  0
LINE
  5
34F
100
AcDbEntity
  8
40
  6
ByLayer
 62
  256
370
   -1
100
AcDbLine
 10
-16.73839999999999
 20
-60.83820224907964
 11
-16.40927479674796
 21
-60.73671932225037
  0
LINE
  5
350
100
AcDbEntity
  8
40
  6
ByLayer
 62
  256
370
   -1
100
AcDbLine
 10
-16.40927479674796
 20
-60.73671932225037
 11
-16.2438243902439
 21
-60.69929493200647
  0
LINE
  5
351
100
AcDbEntity
  8
40
  6
ByLayer
 62
  256
370
   -1
100
AcDbLine
 10
-16.2438243902439
 20
-60.69929493200647
 11
-16.07796422764227
 21
-60.66938273688451
  0
LINE
  5
352
100
AcDbEntity
  8
40
  6
ByLayer
 62
  256
370
   -1
100
AcDbLine
 10
-16.07796422764227
 20
-60.66938273688451
 11
-15.91296910569105
 21
-60.62144127346988
  0
LINE
  5
353
100
AcDbEntity
  8
40
  6
ByLayer
 62
  256
370
   -1
100
AcDbLine
 10
-15.91296910569105
 20
-60.62144127346988
 11
-15.83106341463414
 21
-60.58501850924224
  0
LINE
  5
354
100
AcDbEntity
  8
40
  6
ByLayer
 62
  256
370
   -1
100
AcDbLine
 10
-15.83106341463414
 20
-60.58501850924224
 11
-15.7498406504065
 21
-60.53220550111216
  0
LINE
  5
355
100
AcDbEntity
  8
40
  6
ByLayer
 62
  256
370
   -1
100
AcDbLine
 10
-15.7498406504065
 20
-60.53220550111216
 11
-15.6720325203252
 21
-60.39252420029915
  0
LINE
  5
356
100
AcDbEntity
  8
40
  6
ByLayer
 62
  256
370
   -1
100
AcDbLine
 10
-15.6720325203252
 20
-60.39252420029915
 11
-15.62668617886178
 21
-58.46830956615281
  0
LINE
  5
357
100
AcDbEntity
  8
40
  6
ByLayer
 62
  256
370
   -1
100
AcDbLine
 10
-15.62668617886178
 20
-58.46830956615281
 11
-15.69784715447154
 21
-58.32507704582761
  0
LINE
  5
358
100
AcDbEntity
  8
40
  6
ByLayer
 62
  256
370
   -1
100
AcDbLine
 10
-15.69784715447154
 20
-58.32507704582761
 11
-15.77647479674796
 21
-58.2685307043642
  0
LINE
  5
359
100
AcDbEntity
  8
40
  6
ByLayer
 62
  256
370
   -1
100
AcDbLine
 10
-15.77647479674796
 20
-58.2685307043642
 11
-15.85655934959349
 21
-58.22823802143736
  0
LINE
  5
35A
100
AcDbEntity
  8
40
  6
ByLayer
 62
  256
370
   -1
100
AcDbLine
 10
-15.85655934959349
 20
-58.22823802143736
 11
-16.01909593495934
 21
-58.17260224907964
  0
LINE
  5
35B
100
AcDbEntity
  8
40
  6
ByLayer
 62
  256
370
   -1
100
AcDbLine
 10
-16.01909593495934
 20
-58.17260224907964
 11
-16.18340813008129
 21
-58.13490468810403
  0
LINE
  5
35C
100
AcDbEntity
  8
40
  6
ByLayer
 62
  256
370
   -1
100
AcDbLine
 10
-16.18340813008129
 20
-58.13490468810403
 11
-16.34690081300812
 21
-58.08974046046175
  0
LINE
  5
35D
100
AcDbEntity
  8
40
  6
ByLayer
 62
  256
370
   -1
100
AcDbLine
 10
-16.34690081300812
 20
-58.08974046046175
 11
-16.670881300813
 21
-57.97286891574631
  0
LINE
  5
35E
100
AcDbEntity
  8
40
  6
ByLayer
 62
  256
370
   -1
100
AcDbLine
 10
-16.670881300813
 20
-57.97286891574631
 11
-16.9912650406504
 21
-57.82868029786013
  0
LINE
  5
35F
100
AcDbEntity
  8
40
  6
ByLayer
 62
  256
370
   -1
100
AcDbLine
 10
-16.9912650406504
 20
-57.82868029786013
 11
-17.30823414634146
 21
-57.66145428159997
  0
LINE
  5
360
100
AcDbEntity
  8
40
  6
ByLayer
 62
  256
370
   -1
100
AcDbLine
 10
-17.30823414634146
 20
-57.66145428159997
 11
-17.62151544715447
 21
-57.4736038750959
  0
LINE
  5
361
100
AcDbEntity
  8
40
  6
ByLayer
 62
  256
370
   -1
100
AcDbLine
 10
-17.62151544715447
 20
-57.4736038750959
 11
-17.930881300813
 21
-57.26663151737232
  0
LINE
  5
362
100
AcDbEntity
  8
40
  6
ByLayer
 62
  256
370
   -1
100
AcDbLine
 10
-17.930881300813
 20
-57.26663151737232
 11
-18.23610406504065
 21
-57.04162989135607
  0
LINE
  5
363
100
AcDbEntity
  8
40
  6
ByLayer
 62
  256
370
   -1
100
AcDbLine
 10
-18.23610406504065
 20
-57.04162989135607
 11
-18.5368650406504
 21
-56.79941850924224
  0
LINE
  5
364
100
AcDbEntity
  8
40
  6
ByLayer
 62
  256
370
   -1
100
AcDbLine
 10
-18.5368650406504
 20
-56.79941850924224
 11
-18.75922601626015
 21
-56.60687867184387
  0
LINE
  5
365
100
AcDbEntity
  8
40
  6
ByLayer
 62
  256
370
   -1
100
AcDbLine
 10
-18.75922601626015
 20
-56.60687867184387
 11
-18.33307967479674
 21
-54.70037460680322
  0
LINE
  5
366
100
AcDbEntity
  8
40
  6
ByLayer
 62
  256
370
   -1
100
AcDbLine
 10
-18.33307967479674
 20
-54.70037460680322
 11
-18.04989268292682
 21
-54.62088192387639
  0
LINE
  5
367
100
AcDbEntity
  8
40
  6
ByLayer
 62
  256
370
   -1
100
AcDbLine
 10
-18.04989268292682
 20
-54.62088192387639
 11
-17.67464715447154
 21
-54.52977948485199
  0
LINE
  5
368
100
AcDbEntity
  8
40
  6
ByLayer
 62
  256
370
   -1
100
AcDbLine
 10
-17.67464715447154
 20
-54.52977948485199
 11
-17.30267967479674
 21
-54.45615997265688
  0
LINE
  5
369
100
AcDbEntity
  8
40
  6
ByLayer
 62
  256
370
   -1
100
AcDbLine
 10
-17.30267967479674
 20
-54.45615997265688
 11
-16.93462764227641
 21
-54.40061525720972
  0
LINE
  5
36A
100
AcDbEntity
  8
40
  6
ByLayer
 62
  256
370
   -1
100
AcDbLine
 10
-16.93462764227641
 20
-54.40061525720972
 11
-16.57117398373983
 21
-54.36401037916094
  0
LINE
  5
36B
100
AcDbEntity
  8
40
  6
ByLayer
 62
  256
370
   -1
100
AcDbLine
 10
-16.57117398373983
 20
-54.36401037916094
 11
-16.21318373983739
 21
-54.34766566371378
  0
LINE
  5
36C
100
AcDbEntity
  8
40
  6
ByLayer
 62
  256
370
   -1
100
AcDbLine
 10
-16.21318373983739
 20
-54.34766566371378
 11
-15.8618406504065
 21
-54.35358436290078
  0
LINE
  5
36D
100
AcDbEntity
  8
40
  6
ByLayer
 62
  256
370
   -1
100
AcDbLine
 10
-15.8618406504065
 20
-54.35358436290078
 11
-15.51896585365853
 21
-54.38581850924224
  0
LINE
  5
36E
100
AcDbEntity
  8
40
  6
ByLayer
 62
  256
370
   -1
100
AcDbLine
 10
-15.51896585365853
 20
-54.38581850924224
 11
-15.35178536585365
 21
-54.41454696452679
  0
LINE
  5
36F
100
AcDbEntity
  8
40
  6
ByLayer
 62
  256
370
   -1
100
AcDbLine
 10
-15.35178536585365
 20
-54.41454696452679
 11
-15.18706341463414
 21
-54.45037785883574
  0
LINE
  5
370
100
AcDbEntity
  8
40
  6
ByLayer
 62
  256
370
   -1
100
AcDbLine
 10
-15.18706341463414
 20
-54.45037785883574
 11
-15.01633170731707
 21
-54.46922663932354
  0
LINE
  5
371
100
AcDbEntity
  8
40
  6
ByLayer
 62
  256
370
   -1
100
AcDbLine
 10
-15.01633170731707
 20
-54.46922663932354
 11
-14.92668617886178
 21
-54.46690468810403
  0
LINE
  5
372
100
AcDbEntity
  8
40
  6
ByLayer
 62
  256
370
   -1
100
AcDbLine
 10
-14.92668617886178
 20
-54.46690468810403
 11
-14.83148617886178
 21
-54.44919411899834
  0
LINE
  5
373
100
AcDbEntity
  8
40
  6
ByLayer
 62
  256
370
   -1
100
AcDbLine
 10
-14.83148617886178
 20
-54.44919411899834
 11
-14.70614634146341
 21
-54.34989655802273
  0
LINE
  5
374
100
AcDbEntity
  8
40
  6
ByLayer
 62
  256
370
   -1
100
AcDbLine
 10
-14.70614634146341
 20
-54.34989655802273
 11
-13.92788292682926
 21
-52.58953883444549
  0
LINE
  5
375
100
AcDbEntity
  8
40
  6
ByLayer
 62
  256
370
   -1
100
AcDbLine
 10
-13.92788292682926
 20
-52.58953883444549
 11
-13.93880975609756
 21
-52.43000712712842
  0
LINE
  5
376
100
AcDbEntity
  8
40
  6
ByLayer
 62
  256
370
   -1
100
AcDbLine
 10
-13.93880975609756
 20
-52.43000712712842
 11
-13.98980162601625
 21
-52.34764615151866
  0
LINE
  5
377
100
AcDbEntity
  8
40
  6
ByLayer
 62
  256
370
   -1
100
AcDbLine
 10
-13.98980162601625
 20
-52.34764615151866
 11
-14.04839674796747
 21
-52.27980875314468
  0
LINE
  5
378
100
AcDbEntity
  8
40
  6
ByLayer
 62
  256
370
   -1
100
AcDbLine
 10
-14.04839674796747
 20
-52.27980875314468
 11
-14.17724227642276
 21
-52.16616972875443
  0
LINE
  5
379
100
AcDbEntity
  8
40
  6
ByLayer
 62
  256
370
   -1
100
AcDbLine
 10
-14.17724227642276
 20
-52.16616972875443
 11
-14.31460162601625
 21
-52.06846566371378
  0
LINE
  5
37A
100
AcDbEntity
  8
40
  6
ByLayer
 62
  256
370
   -1
100
AcDbLine
 10
-14.31460162601625
 20
-52.06846566371378
 11
-14.44836422764227
 21
-51.96415997265687
  0
LINE
  5
37B
100
AcDbEntity
  8
40
  6
ByLayer
 62
  256
370
   -1
100
AcDbLine
 10
-14.44836422764227
 20
-51.96415997265687
 11
-14.70295934959349
 21
-51.73223802143737
  0
LINE
  5
37C
100
AcDbEntity
  8
40
  6
ByLayer
 62
  256
370
   -1
100
AcDbLine
 10
-14.70295934959349
 20
-51.73223802143737
 11
-14.94380487804878
 21
-51.47636810273818
  0
LINE
  5
37D
100
AcDbEntity
  8
40
  6
ByLayer
 62
  256
370
   -1
100
AcDbLine
 10
-14.94380487804878
 20
-51.47636810273818
 11
-15.17263089430894
 21
-51.20060224907964
  0
LINE
  5
37E
100
AcDbEntity
  8
40
  6
ByLayer
 62
  256
370
   -1
100
AcDbLine
 10
-15.17263089430894
 20
-51.20060224907964
 11
-15.39016585365853
 21
-50.9071713547707
  0
LINE
  5
37F
100
AcDbEntity
  8
40
  6
ByLayer
 62
  256
370
   -1
100
AcDbLine
 10
-15.39016585365853
 20
-50.9071713547707
 11
-15.59681951219511
 21
-50.59753233038045
  0
LINE
  5
380
100
AcDbEntity
  8
40
  6
ByLayer
 62
  256
370
   -1
100
AcDbLine
 10
-15.59681951219511
 20
-50.59753233038045
 11
-15.79268292682926
 21
-50.27286891574631
  0
LINE
  5
381
100
AcDbEntity
  8
40
  6
ByLayer
 62
  256
370
   -1
100
AcDbLine
 10
-15.79268292682926
 20
-50.27286891574631
 11
-15.97784715447154
 21
-49.93404615151866
  0
LINE
  5
382
100
AcDbEntity
  8
40
  6
ByLayer
 62
  256
370
   -1
100
AcDbLine
 10
-15.97784715447154
 20
-49.93404615151866
 11
-16.10965203252032
 21
-49.67102826533981
  0
LINE
  5
383
100
AcDbEntity
  8
40
  6
ByLayer
 62
  256
370
   -1
100
AcDbLine
 10
-16.10965203252032
 20
-49.67102826533981
 11
-14.98632845528455
 21
-48.07275184257557
  0
LINE
  5
384
100
AcDbEntity
  8
40
  6
ByLayer
 62
  256
370
   -1
100
AcDbLine
 10
-14.98632845528455
 20
-48.07275184257557
 11
-14.69426341463414
 21
-48.10767216777883
  0
LINE
  5
385
100
AcDbEntity
  8
40
  6
ByLayer
 62
  256
370
   -1
100
AcDbLine
 10
-14.69426341463414
 20
-48.10767216777883
 11
-14.31273495934959
 21
-48.16708680192517
  0
LINE
  5
386
100
AcDbEntity
  8
40
  6
ByLayer
 62
  256
370
   -1
100
AcDbLine
 10
-14.31273495934959
 20
-48.16708680192517
 11
-13.94090406504065
 21
-48.24138924094956
  0
LINE
  5
387
100
AcDbEntity
  8
40
  6
ByLayer
 62
  256
370
   -1
100
AcDbLine
 10
-13.94090406504065
 20
-48.24138924094956
 11
-13.57959024390243
 21
-48.33094371249427
  0
LINE
  5
388
100
AcDbEntity
  8
40
  6
ByLayer
 62
  256
370
   -1
100
AcDbLine
 10
-13.57959024390243
 20
-48.33094371249427
 11
-13.22979512195121
 21
-48.43625102956744
  0
LINE
  5
389
100
AcDbEntity
  8
40
  6
ByLayer
 62
  256
370
   -1
100
AcDbLine
 10
-13.22979512195121
 20
-48.43625102956744
 11
-12.89279349593495
 21
-48.55813070436419
  0
LINE
  5
38A
100
AcDbEntity
  8
40
  6
ByLayer
 62
  256
370
   -1
100
AcDbLine
 10
-12.89279349593495
 20
-48.55813070436419
 11
-12.57049756097561
 21
-48.69803964745363
  0
LINE
  5
38B
100
AcDbEntity
  8
40
  6
ByLayer
 62
  256
370
   -1
100
AcDbLine
 10
-12.57049756097561
 20
-48.69803964745363
 11
-12.2660487804878
 21
-48.8590282653398
  0
LINE
  5
38C
100
AcDbEntity
  8
40
  6
ByLayer
 62
  256
370
   -1
100
AcDbLine
 10
-12.2660487804878
 20
-48.8590282653398
 11
-12.12258861788617
 21
-48.94953883444549
  0
LINE
  5
38D
100
AcDbEntity
  8
40
  6
ByLayer
 62
  256
370
   -1
100
AcDbLine
 10
-12.12258861788617
 20
-48.94953883444549
 11
-11.98413658536585
 21
-49.04569493200647
  0
LINE
  5
38E
100
AcDbEntity
  8
40
  6
ByLayer
 62
  256
370
   -1
100
AcDbLine
 10
-11.98413658536585
 20
-49.04569493200647
 11
-11.83357398373983
 21
-49.12846566371378
  0
LINE
  5
38F
100
AcDbEntity
  8
40
  6
ByLayer
 62
  256
370
   -1
100
AcDbLine
 10
-11.83357398373983
 20
-49.12846566371378
 11
-11.74989268292682
 21
-49.16060875314469
  0
LINE
  5
390
100
AcDbEntity
  8
40
  6
ByLayer
 62
  256
370
   -1
100
AcDbLine
 10
-11.74989268292682
 20
-49.16060875314469
 11
-11.65514796747967
 21
-49.18068680192517
  0
LINE
  5
391
100
AcDbEntity
  8
40
  6
ByLayer
 62
  256
370
   -1
100
AcDbLine
 10
-11.65514796747967
 20
-49.18068680192517
 11
-11.50135284552845
 21
-49.13693395639671
  0
LINE
  5
392
100
AcDbEntity
  8
40
  6
ByLayer
 62
  256
370
   -1
100
AcDbLine
 10
-11.50135284552845
 20
-49.13693395639671
 11
-10.10863739837398
 21
-47.80836810273818
  0
LINE
  5
393
100
AcDbEntity
  8
40
  6
ByLayer
 62
  256
370
   -1
100
AcDbLine
 10
-10.10863739837398
 20
-47.80836810273818
 11
-10.05769105691056
 21
-47.6568038750959
  0
LINE
  5
394
100
AcDbEntity
  8
40
  6
ByLayer
 62
  256
370
   -1
100
AcDbLine
 10
-10.05769105691056
 20
-47.6568038750959
 11
-10.07330731707317
 21
-47.56119411899834
  0
LINE
  5
395
100
AcDbEntity
  8
40
  6
ByLayer
 62
  256
370
   -1
100
AcDbLine
 10
-10.07330731707317
 20
-47.56119411899834
 11
-10.10144390243902
 21
-47.47610143607151
  0
LINE
  5
396
100
AcDbEntity
  8
40
  6
ByLayer
 62
  256
370
   -1
100
AcDbLine
 10
-10.10144390243902
 20
-47.47610143607151
 11
-10.17702113821138
 21
-47.32180550111216
  0
LINE
  5
397
100
AcDbEntity
  8
40
  6
ByLayer
 62
  256
370
   -1
100
AcDbLine
 10
-10.17702113821138
 20
-47.32180550111216
 11
-10.26657560975609
 21
-47.17898273688452
  0
LINE
  5
398
100
AcDbEntity
  8
40
  6
ByLayer
 62
  256
370
   -1
100
AcDbLine
 10
-10.26657560975609
 20
-47.17898273688452
 11
-10.35021138211381
 21
-47.03142501330728
  0
LINE
  5
399
100
AcDbEntity
  8
40
  6
ByLayer
 62
  256
370
   -1
100
AcDbLine
 10
-10.35021138211381
 20
-47.03142501330728
 11
-10.49667642276422
 21
-46.71969167997395
  0
LINE
  5
39A
100
AcDbEntity
  8
40
  6
ByLayer
 62
  256
370
   -1
100
AcDbLine
 10
-10.49667642276422
 20
-46.71969167997395
 11
-10.62128780487804
 21
-46.39115834664062
  0
LINE
  5
39B
100
AcDbEntity
  8
40
  6
ByLayer
 62
  256
370
   -1
100
AcDbLine
 10
-10.62128780487804
 20
-46.39115834664062
 11
-10.72714146341463
 21
-46.04882989135606
  0
LINE
  5
39C
100
AcDbEntity
  8
40
  6
ByLayer
 62
  256
370
   -1
100
AcDbLine
 10
-10.72714146341463
 20
-46.04882989135606
 11
-10.81583089430893
 21
-45.69448192387639
  0
LINE
  5
39D
100
AcDbEntity
  8
40
  6
ByLayer
 62
  256
370
   -1
100
AcDbLine
 10
-10.81583089430893
 20
-45.69448192387639
 11
-10.88826666666666
 21
-45.32934371249427
  0
LINE
  5
39E
100
AcDbEntity
  8
40
  6
ByLayer
 62
  256
370
   -1
100
AcDbLine
 10
-10.88826666666666
 20
-45.32934371249427
 11
-10.94499512195121
 21
-44.95441688322598
  0
LINE
  5
39F
100
AcDbEntity
  8
40
  6
ByLayer
 62
  256
370
   -1
100
AcDbLine
 10
-10.94499512195121
 20
-44.95441688322598
 11
-10.98638048780487
 21
-44.57052094826663
  0
LINE
  5
3A0
100
AcDbEntity
  8
40
  6
ByLayer
 62
  256
370
   -1
100
AcDbLine
 10
-10.98638048780487
 20
-44.57052094826663
 11
-11.00746016260162
 21
-44.27709005395769
  0
LINE
  5
3A1
100
AcDbEntity
  8
40
  6
ByLayer
 62
  256
370
   -1
100
AcDbLine
 10
-11.00746016260162
 20
-44.27709005395769
 11
-9.358055284552838
 21
-43.23034533851053
  0
LINE
  5
3A2
100
AcDbEntity
  8
40
  6
ByLayer
 62
  256
370
   -1
100
AcDbLine
 10
-9.358055284552838
 20
-43.23034533851053
 11
-9.101547967479666
 21
-43.37435184257558
  0
LINE
  5
3A3
100
AcDbEntity
  8
40
  6
ByLayer
 62
  256
370
   -1
100
AcDbLine
 10
-9.101547967479666
 20
-43.37435184257558
 11
-8.771785365853653
 21
-43.57526891574631
  0
LINE
  5
3A4
100
AcDbEntity
  8
40
  6
ByLayer
 62
  256
370
   -1
100
AcDbLine
 10
-8.771785365853653
 20
-43.57526891574631
 11
-8.456728455284546
 21
-43.78624777753492
  0
LINE
  5
3A5
100
AcDbEntity
  8
40
  6
ByLayer
 62
  256
370
   -1
100
AcDbLine
 10
-8.456728455284546
 20
-43.78624777753492
 11
-8.157196747967474
 21
-44.00724289948614
  0
LINE
  5
3A6
100
AcDbEntity
  8
40
  6
ByLayer
 62
  256
370
   -1
100
AcDbLine
 10
-8.157196747967474
 20
-44.00724289948614
 11
-7.874328455284545
 21
-44.23834533851053
  0
LINE
  5
3A7
100
AcDbEntity
  8
40
  6
ByLayer
 62
  256
370
   -1
100
AcDbLine
 10
-7.874328455284545
 20
-44.23834533851053
 11
-7.609626016260155
 21
-44.47991932225037
  0
LINE
  5
3A8
100
AcDbEntity
  8
40
  6
ByLayer
 62
  256
370
   -1
100
AcDbLine
 10
-7.609626016260155
 20
-44.47991932225037
 11
-7.365411382113811
 21
-44.73255672062436
  0
LINE
  5
3A9
100
AcDbEntity
  8
40
  6
ByLayer
 62
  256
370
   -1
100
AcDbLine
 10
-7.365411382113811
 20
-44.73255672062436
 11
-7.145736585365846
 21
-44.99775997265688
  0
LINE
  5
3AA
100
AcDbEntity
  8
40
  6
ByLayer
 62
  256
370
   -1
100
AcDbLine
 10
-7.145736585365846
 20
-44.99775997265688
 11
-7.047850406504055
 21
-45.13630306208777
  0
LINE
  5
3AB
100
AcDbEntity
  8
40
  6
ByLayer
 62
  256
370
   -1
100
AcDbLine
 10
-7.047850406504055
 20
-45.13630306208777
 11
-6.956702439024381
 21
-45.27812420029915
  0
LINE
  5
3AC
100
AcDbEntity
  8
40
  6
ByLayer
 62
  256
370
   -1
100
AcDbLine
 10
-6.956702439024381
 20
-45.27812420029915
 11
-6.849300813008123
 21
-45.41220550111216
  0
LINE
  5
3AD
100
AcDbEntity
  8
40
  6
ByLayer
 62
  256
370
   -1
100
AcDbLine
 10
-6.849300813008123
 20
-45.41220550111216
 11
-6.78428617886178
 21
-45.47394208647801
  0
LINE
  5
3AE
100
AcDbEntity
  8
40
  6
ByLayer
 62
  256
370
   -1
100
AcDbLine
 10
-6.78428617886178
 20
-45.47394208647801
 11
-6.704429268292674
 21
-45.52875834664061
  0
LINE
  5
3AF
100
AcDbEntity
  8
40
  6
ByLayer
 62
  256
370
   -1
100
AcDbLine
 10
-6.704429268292674
 20
-45.52875834664061
 11
-6.545580487804869
 21
-45.54715184257557
  0
LINE
  5
3B0
100
AcDbEntity
  8
40
  6
ByLayer
 62
  256
370
   -1
100
AcDbLine
 10
-6.545580487804869
 20
-45.54715184257557
 11
-4.750484552845519
 21
-44.85270631412029
  0
LINE
  5
3B1
100
AcDbEntity
  8
40
  6
ByLayer
 62
  256
370
   -1
100
AcDbLine
 10
-4.750484552845519
 20
-44.85270631412029
 11
-4.645404878048773
 21
-44.73214696452679
  0
LINE
  5
3B2
100
AcDbEntity
  8
40
  6
ByLayer
 62
  256
370
   -1
100
AcDbLine
 10
-4.645404878048773
 20
-44.73214696452679
 11
-4.623232520325195
 21
-44.63785753363248
  0
LINE
  5
3B3
100
AcDbEntity
  8
40
  6
ByLayer
 62
  256
370
   -1
100
AcDbLine
 10
-4.623232520325195
 20
-44.63785753363248
 11
-4.616676422764221
 21
-44.54848517590891
  0
LINE
  5
3B4
100
AcDbEntity
  8
40
  6
ByLayer
 62
  256
370
   -1
100
AcDbLine
 10
-4.616676422764221
 20
-44.54848517590891
 11
-4.62746666666666
 21
-44.37702501330728
  0
LINE
  5
3B5
100
AcDbEntity
  8
40
  6
ByLayer
 62
  256
370
   -1
100
AcDbLine
 10
-4.62746666666666
 20
-44.37702501330728
 11
-4.655512195121942
 21
-44.21080062306338
  0
LINE
  5
3B6
100
AcDbEntity
  8
40
  6
ByLayer
 62
  256
370
   -1
100
AcDbLine
 10
-4.655512195121942
 20
-44.21080062306338
 11
-4.676318699186983
 21
-44.04243639542111
  0
LINE
  5
3B7
100
AcDbEntity
  8
40
  6
ByLayer
 62
  256
370
   -1
100
AcDbLine
 10
-4.676318699186983
 20
-44.04243639542111
 11
-4.692344715447146
 21
-43.69842338729103
  0
LINE
  5
3B8
100
AcDbEntity
  8
40
  6
ByLayer
 62
  256
370
   -1
100
AcDbLine
 10
-4.692344715447146
 20
-43.69842338729103
 11
-4.681736585365846
 21
-43.34721688322598
  0
LINE
  5
3B9
100
AcDbEntity
  8
40
  6
ByLayer
 62
  256
370
   -1
100
AcDbLine
 10
-4.681736585365846
 20
-43.34721688322598
 11
-4.648546341463407
 21
-42.99041037916094
  0
LINE
  5
3BA
100
AcDbEntity
  8
40
  6
ByLayer
 62
  256
370
   -1
100
AcDbLine
 10
-4.648546341463407
 20
-42.99041037916094
 11
-4.594868292682917
 21
-42.62909655802273
  0
LINE
  5
3BB
100
AcDbEntity
  8
40
  6
ByLayer
 62
  256
370
   -1
100
AcDbLine
 10
-4.594868292682917
 20
-42.62909655802273
 11
-4.522068292682919
 21
-42.26404940355118
  0
LINE
  5
3BC
100
AcDbEntity
  8
40
  6
ByLayer
 62
  256
370
   -1
100
AcDbLine
 10
-4.522068292682919
 20
-42.26404940355118
 11
-4.431011382113811
 21
-41.89595184257557
  0
LINE
  5
3BD
100
AcDbEntity
  8
40
  6
ByLayer
 62
  256
370
   -1
100
AcDbLine
 10
-4.431011382113811
 20
-41.89595184257557
 11
-4.322334959349585
 21
-41.52544127346988
  0
LINE
  5
3BE
100
AcDbEntity
  8
40
  6
ByLayer
 62
  256
370
   -1
100
AcDbLine
 10
-4.322334959349585
 20
-41.52544127346988
 11
-4.229547967479665
 21
-41.246260785665
  0
LINE
  5
3BF
100
AcDbEntity
  8
40
  6
ByLayer
 62
  256
370
   -1
100
AcDbLine
 10
-4.229547967479665
 20
-41.246260785665
 11
-2.305060162601617
 21
-40.91039737103086
  0
LINE
  5
3C0
100
AcDbEntity
  8
40
  6
ByLayer
 62
  256
370
   -1
100
AcDbLine
 10
-2.305060162601617
 20
-40.91039737103086
 11
-2.123219512195115
 21
-41.1416363954211
  0
LINE
  5
3C1
100
AcDbEntity
  8
40
  6
ByLayer
 62
  256
370
   -1
100
AcDbLine
 10
-2.123219512195115
 20
-41.1416363954211
 11
-1.895486178861782
 21
-41.45341525720973
  0
LINE
  5
3C2
100
AcDbEntity
  8
40
  6
ByLayer
 62
  256
370
   -1
100
AcDbLine
 10
-1.895486178861782
 20
-41.45341525720973
 11
-1.685099186991862
 21
-41.76888192387639
  0
LINE
  5
3C3
100
AcDbEntity
  8
40
  6
ByLayer
 62
  256
370
   -1
100
AcDbLine
 10
-1.685099186991862
 20
-41.76888192387639
 11
-1.492923577235765
 21
-42.08771769623411
  0
LINE
  5
3C4
100
AcDbEntity
  8
40
  6
ByLayer
 62
  256
370
   -1
100
AcDbLine
 10
-1.492923577235765
 20
-42.08771769623411
 11
-1.320052032520315
 21
-42.40951281818533
  0
LINE
  5
3C5
100
AcDbEntity
  8
40
  6
ByLayer
 62
  256
370
   -1
100
AcDbLine
 10
-1.320052032520315
 20
-42.40951281818533
 11
-1.167941463414625
 21
-42.73394859054305
  0
LINE
  5
3C6
100
AcDbEntity
  8
40
  6
ByLayer
 62
  256
370
   -1
100
AcDbLine
 10
-1.167941463414625
 20
-42.73394859054305
 11
-1.039004878048771
 21
-43.06079737103086
  0
LINE
  5
3C7
100
AcDbEntity
  8
40
  6
ByLayer
 62
  256
370
   -1
100
AcDbLine
 10
-1.039004878048771
 20
-43.06079737103086
 11
-0.9375219512195032
 21
-43.38992257428289
  0
LINE
  5
3C8
100
AcDbEntity
  8
40
  6
ByLayer
 62
  256
370
   -1
100
AcDbLine
 10
-0.9375219512195032
 20
-43.38992257428289
 11
-0.9000975609756023
 21
-43.55537298078696
  0
LINE
  5
3C9
100
AcDbEntity
  8
40
  6
ByLayer
 62
  256
370
   -1
100
AcDbLine
 10
-0.9000975609756023
 20
-43.55537298078696
 11
-0.8701853658536512
 21
-43.72123314338859
  0
LINE
  5
3CA
100
AcDbEntity
  8
40
  6
ByLayer
 62
  256
370
   -1
100
AcDbLine
 10
-0.8701853658536512
 20
-43.72123314338859
 11
-0.8222439024390165
 21
-43.8862282653398
  0
LINE
  5
3CB
100
AcDbEntity
  8
40
  6
ByLayer
 62
  256
370
   -1
100
AcDbLine
 10
-0.8222439024390165
 20
-43.8862282653398
 11
-0.7857756097560873
 21
-43.96813395639671
  0
LINE
  5
3CC
100
AcDbEntity
  8
40
  6
ByLayer
 62
  256
370
   -1
100
AcDbLine
 10
-0.7857756097560873
 20
-43.96813395639671
 11
-0.7330081300812905
 21
-44.04935672062436
  0
LINE
  5
3CD
100
AcDbEntity
  8
40
  6
ByLayer
 62
  256
370
   -1
100
AcDbLine
 10
-0.7330081300812905
 20
-44.04935672062436
 11
-0.5932813008129983
 21
-44.12716485070566
  0
LINE
  5
3CE
100
AcDbEntity
  8
40
  6
ByLayer
 62
  256
370
   -1
100
AcDbLine
 10
-0.5932813008129983
 20
-44.12716485070566
 11
1.330933333333342
 21
-44.17251119216907
  0
LINE
  5
3CF
100
AcDbEntity
  8
40
  6
ByLayer
 62
  256
370
   -1
100
AcDbLine
 10
1.330933333333342
 20
-44.17251119216907
 11
1.474120325203261
 21
-44.10135021655932
  0
LINE
  5
3D0
100
AcDbEntity
  8
40
  6
ByLayer
 62
  256
370
   -1
100
AcDbLine
 10
1.474120325203261
 20
-44.10135021655932
 11
1.530666666666674
 21
-44.02272257428289
  0
LINE
  5
3D1
100
AcDbEntity
  8
40
  6
ByLayer
 62
  256
370
   -1
100
AcDbLine
 10
1.530666666666674
 20
-44.02272257428289
 11
1.570959349593505
 21
-43.94263802143736
  0
LINE
  5
3D2
100
AcDbEntity
  8
40
  6
ByLayer
 62
  256
370
   -1
100
AcDbLine
 10
1.570959349593505
 20
-43.94263802143736
 11
1.626595121951229
 21
-43.7801014360715
  0
LINE
  5
3D3
100
AcDbEntity
  8
40
  6
ByLayer
 62
  256
370
   -1
100
AcDbLine
 10
1.626595121951229
 20
-43.7801014360715
 11
1.664292682926837
 21
-43.61578924094956
  0
LINE
  5
3D4
100
AcDbEntity
  8
40
  6
ByLayer
 62
  256
370
   -1
100
AcDbLine
 10
1.664292682926837
 20
-43.61578924094956
 11
1.709502439024399
 21
-43.45229655802272
  0
LINE
  5
3D5
100
AcDbEntity
  8
40
  6
ByLayer
 62
  256
370
   -1
100
AcDbLine
 10
1.709502439024399
 20
-43.45229655802272
 11
1.82632845528456
 21
-43.12831607021785
  0
LINE
  5
3D6
100
AcDbEntity
  8
40
  6
ByLayer
 62
  256
370
   -1
100
AcDbLine
 10
1.82632845528456
 20
-43.12831607021785
 11
1.970562601626024
 21
-42.80793233038045
  0
LINE
  5
3D7
100
AcDbEntity
  8
40
  6
ByLayer
 62
  256
370
   -1
100
AcDbLine
 10
1.970562601626024
 20
-42.80793233038045
 11
2.137743089430902
 21
-42.49096322468939
  0
LINE
  5
3D8
100
AcDbEntity
  8
40
  6
ByLayer
 62
  256
370
   -1
100
AcDbLine
 10
2.137743089430902
 20
-42.49096322468939
 11
2.325639024390253
 21
-42.17768192387639
  0
LINE
  5
3D9
100
AcDbEntity
  8
40
  6
ByLayer
 62
  256
370
   -1
100
AcDbLine
 10
2.325639024390253
 20
-42.17768192387639
 11
2.532565853658545
 21
-41.86831607021785
  0
LINE
  5
3DA
100
AcDbEntity
  8
40
  6
ByLayer
 62
  256
370
   -1
100
AcDbLine
 10
2.532565853658545
 20
-41.86831607021785
 11
2.757567479674805
 21
-41.56309330599021
  0
LINE
  5
3DB
100
AcDbEntity
  8
40
  6
ByLayer
 62
  256
370
   -1
100
AcDbLine
 10
2.757567479674805
 20
-41.56309330599021
 11
2.999778861788626
 21
-41.26233233038045
  0
LINE
  5
3DC
100
AcDbEntity
  8
40
  6
ByLayer
 62
  256
370
   -1
100
AcDbLine
 10
2.999778861788626
 20
-41.26233233038045
 11
3.192318699187
 21
-41.0399713547707
  0
LINE
  5
3DD
100
AcDbEntity
  8
40
  6
ByLayer
 62
  256
370
   -1
100
AcDbLine
 10
3.192318699187
 20
-41.0399713547707
 11
5.098822764227651
 21
-41.46611769623411
  0
LINE
  5
3DE
100
AcDbEntity
  8
40
  6
ByLayer
 62
  256
370
   -1
100
AcDbLine
 10
5.098822764227651
 20
-41.46611769623411
 11
5.178360975609764
 21
-41.74930468810403
  0
LINE
  5
3DF
100
AcDbEntity
  8
40
  6
ByLayer
 62
  256
370
   -1
100
AcDbLine
 10
5.178360975609764
 20
-41.74930468810403
 11
5.269463414634155
 21
-42.12455021655931
  0
LINE
  5
3E0
100
AcDbEntity
  8
40
  6
ByLayer
 62
  256
370
   -1
100
AcDbLine
 10
5.269463414634155
 20
-42.12455021655931
 11
5.343082926829278
 21
-42.49651769623411
  0
LINE
  5
3E1
100
AcDbEntity
  8
40
  6
ByLayer
 62
  256
370
   -1
100
AcDbLine
 10
5.343082926829278
 20
-42.49651769623411
 11
5.398582113821147
 21
-42.86456972875443
  0
LINE
  5
3E2
100
AcDbEntity
  8
40
  6
ByLayer
 62
  256
370
   -1
100
AcDbLine
 10
5.398582113821147
 20
-42.86456972875443
 11
5.435186991869927
 21
-43.22802338729102
  0
LINE
  5
3E3
100
AcDbEntity
  8
40
  6
ByLayer
 62
  256
370
   -1
100
AcDbLine
 10
5.435186991869927
 20
-43.22802338729102
 11
5.451577235772366
 21
-43.58601363119346
  0
LINE
  5
3E4
100
AcDbEntity
  8
40
  6
ByLayer
 62
  256
370
   -1
100
AcDbLine
 10
5.451577235772366
 20
-43.58601363119346
 11
5.445613008130089
 21
-43.93735672062436
  0
LINE
  5
3E5
100
AcDbEntity
  8
40
  6
ByLayer
 62
  256
370
   -1
100
AcDbLine
 10
5.445613008130089
 20
-43.93735672062436
 11
5.413378861788627
 21
-44.28023151737233
  0
LINE
  5
3E6
100
AcDbEntity
  8
40
  6
ByLayer
 62
  256
370
   -1
100
AcDbLine
 10
5.413378861788627
 20
-44.28023151737233
 11
5.384650406504074
 21
-44.4474120051772
  0
LINE
  5
3E7
100
AcDbEntity
  8
40
  6
ByLayer
 62
  256
370
   -1
100
AcDbLine
 10
5.384650406504074
 20
-44.4474120051772
 11
5.348819512195131
 21
-44.61213395639672
  0
LINE
  5
3E8
100
AcDbEntity
  8
40
  6
ByLayer
 62
  256
370
   -1
100
AcDbLine
 10
5.348819512195131
 20
-44.61213395639672
 11
5.329970731707325
 21
-44.78286566371379
  0
LINE
  5
3E9
100
AcDbEntity
  8
40
  6
ByLayer
 62
  256
370
   -1
100
AcDbLine
 10
5.329970731707325
 20
-44.78286566371379
 11
5.332292682926837
 21
-44.87251119216907
  0
LINE
  5
3EA
100
AcDbEntity
  8
40
  6
ByLayer
 62
  256
370
   -1
100
AcDbLine
 10
5.332292682926837
 20
-44.87251119216907
 11
5.350003252032528
 21
-44.96771119216908
  0
LINE
  5
3EB
100
AcDbEntity
  8
40
  6
ByLayer
 62
  256
370
   -1
100
AcDbLine
 10
5.350003252032528
 20
-44.96771119216908
 11
5.449300813008138
 21
-45.09305102956745
  0
LINE
  5
3EC
100
AcDbEntity
  8
40
  6
ByLayer
 62
  256
370
   -1
100
AcDbLine
 10
5.449300813008138
 20
-45.09305102956745
 11
7.209658536585374
 21
-45.87131444420159
  0
LINE
  5
3ED
100
AcDbEntity
  8
40
  6
ByLayer
 62
  256
370
   -1
100
AcDbLine
 10
7.209658536585374
 20
-45.87131444420159
 11
7.369235772357731
 21
-45.8603876149333
  0
LINE
  5
3EE
100
AcDbEntity
  8
40
  6
ByLayer
 62
  256
370
   -1
100
AcDbLine
 10
7.369235772357731
 20
-45.8603876149333
 11
7.451551219512204
 21
-45.8093957450146
  0
LINE
  5
3EF
100
AcDbEntity
  8
40
  6
ByLayer
 62
  256
370
   -1
100
AcDbLine
 10
7.451551219512204
 20
-45.8093957450146
 11
7.519434146341473
 21
-45.75080062306338
  0
LINE
  5
3F0
100
AcDbEntity
  8
40
  6
ByLayer
 62
  256
370
   -1
100
AcDbLine
 10
7.519434146341473
 20
-45.75080062306338
 11
7.633027642276431
 21
-45.6219550946081
  0
LINE
  5
3F1
100
AcDbEntity
  8
40
  6
ByLayer
 62
  256
370
   -1
100
AcDbLine
 10
7.633027642276431
 20
-45.6219550946081
 11
7.730731707317081
 21
-45.4845957450146
  0
LINE
  5
3F2
100
AcDbEntity
  8
40
  6
ByLayer
 62
  256
370
   -1
100
AcDbLine
 10
7.730731707317081
 20
-45.4845957450146
 11
7.835037398373991
 21
-45.35083314338858
  0
LINE
  5
3F3
100
AcDbEntity
  8
40
  6
ByLayer
 62
  256
370
   -1
100
AcDbLine
 10
7.835037398373991
 20
-45.35083314338858
 11
8.066959349593501
 21
-45.09623802143737
  0
LINE
  5
3F4
100
AcDbEntity
  8
40
  6
ByLayer
 62
  256
370
   -1
100
AcDbLine
 10
8.066959349593501
 20
-45.09623802143737
 11
8.32282926829269
 21
-44.85539249298208
  0
LINE
  5
3F5
100
AcDbEntity
  8
40
  6
ByLayer
 62
  256
370
   -1
100
AcDbLine
 10
8.32282926829269
 20
-44.85539249298208
 11
8.598595121951226
 21
-44.62656647672192
  0
LINE
  5
3F6
100
AcDbEntity
  8
40
  6
ByLayer
 62
  256
370
   -1
100
AcDbLine
 10
8.598595121951226
 20
-44.62656647672192
 11
8.892071544715453
 21
-44.40903151737232
  0
LINE
  5
3F7
100
AcDbEntity
  8
40
  6
ByLayer
 62
  256
370
   -1
100
AcDbLine
 10
8.892071544715453
 20
-44.40903151737232
 11
9.201665040650411
 21
-44.20237785883574
  0
LINE
  5
3F8
100
AcDbEntity
  8
40
  6
ByLayer
 62
  256
370
   -1
100
AcDbLine
 10
9.201665040650411
 20
-44.20237785883574
 11
9.526328455284558
 21
-44.00651444420159
  0
LINE
  5
3F9
100
AcDbEntity
  8
40
  6
ByLayer
 62
  256
370
   -1
100
AcDbLine
 10
9.526328455284558
 20
-44.00651444420159
 11
9.865196747967484
 21
-43.82135021655931
  0
LINE
  5
3FA
100
AcDbEntity
  8
40
  6
ByLayer
 62
  256
370
   -1
100
AcDbLine
 10
9.865196747967484
 20
-43.82135021655931
 11
10.12816910569106
 21
-43.68954533851054
  0
LINE
  5
3FB
100
AcDbEntity
  8
40
  6
ByLayer
 62
  256
370
   -1
100
AcDbLine
 10
10.12816910569106
 20
-43.68954533851054
 11
11.72644552845529
 21
-44.81286891574631
  0
LINE
  5
3FC
100
AcDbEntity
  8
40
  6
ByLayer
 62
  256
370
   -1
100
AcDbLine
 10
11.72644552845529
 20
-44.81286891574631
 11
11.69157073170732
 21
-45.10493395639671
  0
LINE
  5
3FD
100
AcDbEntity
  8
40
  6
ByLayer
 62
  256
370
   -1
100
AcDbLine
 10
11.69157073170732
 20
-45.10493395639671
 11
11.6321105691057
 21
-45.48646241168127
  0
LINE
  5
3FE
100
AcDbEntity
  8
40
  6
ByLayer
 62
  256
370
   -1
100
AcDbLine
 10
11.6321105691057
 20
-45.48646241168127
 11
11.55780813008131
 21
-45.85829330599021
  0
LINE
  5
3FF
100
AcDbEntity
  8
40
  6
ByLayer
 62
  256
370
   -1
100
AcDbLine
 10
11.55780813008131
 20
-45.85829330599021
 11
11.46825365853659
 21
-46.21960712712842
  0
LINE
  5
400
100
AcDbEntity
  8
40
  6
ByLayer
 62
  256
370
   -1
100
AcDbLine
 10
11.46825365853659
 20
-46.21960712712842
 11
11.36299186991871
 21
-46.56940224907964
  0
LINE
  5
401
100
AcDbEntity
  8
40
  6
ByLayer
 62
  256
370
   -1
100
AcDbLine
 10
11.36299186991871
 20
-46.56940224907964
 11
11.24111219512196
 21
-46.9064038750959
  0
LINE
  5
402
100
AcDbEntity
  8
40
  6
ByLayer
 62
  256
370
   -1
100
AcDbLine
 10
11.24111219512196
 20
-46.9064038750959
 11
11.10115772357724
 21
-47.22869981005525
  0
LINE
  5
403
100
AcDbEntity
  8
40
  6
ByLayer
 62
  256
370
   -1
100
AcDbLine
 10
11.10115772357724
 20
-47.22869981005525
 11
10.94016910569106
 21
-47.53314859054306
  0
LINE
  5
404
100
AcDbEntity
  8
40
  6
ByLayer
 62
  256
370
   -1
100
AcDbLine
 10
10.94016910569106
 20
-47.53314859054306
 11
10.84965853658537
 21
-47.67660875314468
  0
LINE
  5
405
100
AcDbEntity
  8
40
  6
ByLayer
 62
  256
370
   -1
100
AcDbLine
 10
10.84965853658537
 20
-47.67660875314468
 11
10.7535024390244
 21
-47.81506078566501
  0
LINE
  5
406
100
AcDbEntity
  8
40
  6
ByLayer
 62
  256
370
   -1
100
AcDbLine
 10
10.7535024390244
 20
-47.81506078566501
 11
10.67073170731708
 21
-47.96562338729102
  0
LINE
  5
407
100
AcDbEntity
  8
40
  6
ByLayer
 62
  256
370
   -1
100
AcDbLine
 10
10.67073170731708
 20
-47.96562338729102
 11
10.63863414634147
 21
-48.04930468810403
  0
LINE
  5
408
100
AcDbEntity
  8
40
  6
ByLayer
 62
  256
370
   -1
100
AcDbLine
 10
10.63863414634147
 20
-48.04930468810403
 11
10.6185105691057
 21
-48.14404940355119
  0
LINE
  5
409
100
AcDbEntity
  8
40
  6
ByLayer
 62
  256
370
   -1
100
AcDbLine
 10
10.6185105691057
 20
-48.14404940355119
 11
10.66226341463415
 21
-48.29784452550241
  0
LINE
  5
40A
100
AcDbEntity
  8
40
  6
ByLayer
 62
  256
370
   -1
100
AcDbLine
 10
10.66226341463415
 20
-48.29784452550241
 11
11.99082926829269
 21
-49.69055997265687
  0
LINE
  5
40B
100
AcDbEntity
  8
40
  6
ByLayer
 62
  256
370
   -1
100
AcDbLine
 10
11.99082926829269
 20
-49.69055997265687
 11
12.14243902439025
 21
-49.74150631412029
  0
LINE
  5
40C
100
AcDbEntity
  8
40
  6
ByLayer
 62
  256
370
   -1
100
AcDbLine
 10
12.14243902439025
 20
-49.74150631412029
 11
12.23800325203253
 21
-49.72589005395769
  0
LINE
  5
40D
100
AcDbEntity
  8
40
  6
ByLayer
 62
  256
370
   -1
100
AcDbLine
 10
12.23800325203253
 20
-49.72589005395769
 11
12.32314146341464
 21
-49.69775346859184
  0
LINE
  5
40E
100
AcDbEntity
  8
40
  6
ByLayer
 62
  256
370
   -1
100
AcDbLine
 10
12.32314146341464
 20
-49.69775346859184
 11
12.4773918699187
 21
-49.62217623281948
  0
LINE
  5
40F
100
AcDbEntity
  8
40
  6
ByLayer
 62
  256
370
   -1
100
AcDbLine
 10
12.4773918699187
 20
-49.62217623281948
 11
12.62026016260163
 21
-49.53262176127476
  0
LINE
  5
410
100
AcDbEntity
  8
40
  6
ByLayer
 62
  256
370
   -1
100
AcDbLine
 10
12.62026016260163
 20
-49.53262176127476
 11
12.76777235772358
 21
-49.44898598891704
  0
LINE
  5
411
100
AcDbEntity
  8
40
  6
ByLayer
 62
  256
370
   -1
100
AcDbLine
 10
12.76777235772358
 20
-49.44898598891704
 11
13.07950569105692
 21
-49.30252094826663
  0
LINE
  5
412
100
AcDbEntity
  8
40
  6
ByLayer
 62
  256
370
   -1
100
AcDbLine
 10
13.07950569105692
 20
-49.30252094826663
 11
13.40803902439025
 21
-49.17790956615281
  0
LINE
  5
413
100
AcDbEntity
  8
40
  6
ByLayer
 62
  256
370
   -1
100
AcDbLine
 10
13.40803902439025
 20
-49.17790956615281
 11
13.7503674796748
 21
-49.07205590761622
  0
LINE
  5
414
100
AcDbEntity
  8
40
  6
ByLayer
 62
  256
370
   -1
100
AcDbLine
 10
13.7503674796748
 20
-49.07205590761622
 11
14.10476097560976
 21
-48.98336647672192
  0
LINE
  5
415
100
AcDbEntity
  8
40
  6
ByLayer
 62
  256
370
   -1
100
AcDbLine
 10
14.10476097560976
 20
-48.98336647672192
 11
14.46985365853659
 21
-48.91093070436419
  0
LINE
  5
416
100
AcDbEntity
  8
40
  6
ByLayer
 62
  256
370
   -1
100
AcDbLine
 10
14.46985365853659
 20
-48.91093070436419
 11
14.84478048780488
 21
-48.85420224907964
  0
LINE
  5
417
100
AcDbEntity
  8
40
  6
ByLayer
 62
  256
370
   -1
100
AcDbLine
 10
14.84478048780488
 20
-48.85420224907964
 11
15.22867642276423
 21
-48.81281688322598
  0
LINE
  5
418
100
AcDbEntity
  8
40
  6
ByLayer
 62
  256
370
   -1
100
AcDbLine
 10
15.22867642276423
 20
-48.81281688322598
 11
15.52210731707318
 21
-48.79173720842924
  0
LINE
  5
419
100
AcDbEntity
  8
40
  6
ByLayer
 62
  256
370
   -1
100
AcDbLine
 10
15.52210731707318
 20
-48.79173720842924
 11
16.56885203252033
 21
-50.44114208647801
  0
LINE
  5
41A
100
AcDbEntity
  8
40
  6
ByLayer
 62
  256
370
   -1
100
AcDbLine
 10
16.56885203252033
 20
-50.44114208647801
 11
16.42484552845529
 21
-50.69764940355118
  0
LINE
  5
41B
100
AcDbEntity
  8
40
  6
ByLayer
 62
  256
370
   -1
100
AcDbLine
 10
16.42484552845529
 20
-50.69764940355118
 11
16.22392845528456
 21
-51.0274120051772
  0
LINE
  5
41C
100
AcDbEntity
  8
40
  6
ByLayer
 62
  256
370
   -1
100
AcDbLine
 10
16.22392845528456
 20
-51.0274120051772
 11
16.01294959349594
 21
-51.34246891574631
  0
LINE
  5
41D
100
AcDbEntity
  8
40
  6
ByLayer
 62
  256
370
   -1
100
AcDbLine
 10
16.01294959349594
 20
-51.34246891574631
 11
15.79195447154472
 21
-51.64200062306338
  0
LINE
  5
41E
100
AcDbEntity
  8
40
  6
ByLayer
 62
  256
370
   -1
100
AcDbLine
 10
15.79195447154472
 20
-51.64200062306338
 11
15.56085203252033
 21
-51.92486891574631
  0
LINE
  5
41F
100
AcDbEntity
  8
40
  6
ByLayer
 62
  256
370
   -1
100
AcDbLine
 10
15.56085203252033
 20
-51.92486891574631
 11
15.31927804878049
 21
-52.18957135477069
  0
LINE
  5
420
100
AcDbEntity
  8
40
  6
ByLayer
 62
  256
370
   -1
100
AcDbLine
 10
15.31927804878049
 20
-52.18957135477069
 11
15.06668617886179
 21
-52.43378598891704
  0
LINE
  5
421
100
AcDbEntity
  8
40
  6
ByLayer
 62
  256
370
   -1
100
AcDbLine
 10
15.06668617886179
 20
-52.43378598891704
 11
14.80143739837399
 21
-52.653460785665
  0
LINE
  5
422
100
AcDbEntity
  8
40
  6
ByLayer
 62
  256
370
   -1
100
AcDbLine
 10
14.80143739837399
 20
-52.653460785665
 11
14.66289430894309
 21
-52.7513469645268
  0
LINE
  5
423
100
AcDbEntity
  8
40
  6
ByLayer
 62
  256
370
   -1
100
AcDbLine
 10
14.66289430894309
 20
-52.7513469645268
 11
14.52107317073171
 21
-52.84249493200647
  0
LINE
  5
424
100
AcDbEntity
  8
40
  6
ByLayer
 62
  256
370
   -1
100
AcDbLine
 10
14.52107317073171
 20
-52.84249493200647
 11
14.38699186991871
 21
-52.94989655802273
  0
LINE
  5
425
100
AcDbEntity
  8
40
  6
ByLayer
 62
  256
370
   -1
100
AcDbLine
 10
14.38699186991871
 20
-52.94989655802273
 11
14.32530081300813
 21
-53.01491119216907
  0
LINE
  5
426
100
AcDbEntity
  8
40
  6
ByLayer
 62
  256
370
   -1
100
AcDbLine
 10
14.32530081300813
 20
-53.01491119216907
 11
14.27048455284553
 21
-53.09476810273818
  0
LINE
  5
427
100
AcDbEntity
  8
40
  6
ByLayer
 62
  256
370
   -1
100
AcDbLine
 10
14.27048455284553
 20
-53.09476810273818
 11
14.25204552845529
 21
-53.25361688322598
  0
LINE
  5
428
100
AcDbEntity
  8
40
  6
ByLayer
 62
  256
370
   -1
100
AcDbLine
 10
14.25204552845529
 20
-53.25361688322598
 11
14.94649105691058
 21
-55.04871281818533
  0
LINE
  5
429
100
AcDbEntity
  8
40
  6
ByLayer
 62
  256
370
   -1
100
AcDbLine
 10
14.94649105691058
 20
-55.04871281818533
 11
15.06705040650407
 21
-55.15379249298208
  0
LINE
  5
42A
100
AcDbEntity
  8
40
  6
ByLayer
 62
  256
370
   -1
100
AcDbLine
 10
15.06705040650407
 20
-55.15379249298208
 11
15.16133983739838
 21
-55.17596485070565
  0
LINE
  5
42B
100
AcDbEntity
  8
40
  6
ByLayer
 62
  256
370
   -1
100
AcDbLine
 10
15.16133983739838
 20
-55.17596485070565
 11
15.25075772357724
 21
-55.18252094826663
  0
LINE
  5
42C
100
AcDbEntity
  8
40
  6
ByLayer
 62
  256
370
   -1
100
AcDbLine
 10
15.25075772357724
 20
-55.18252094826663
 11
15.42221788617887
 21
-55.17173070436419
  0
LINE
  5
42D
100
AcDbEntity
  8
40
  6
ByLayer
 62
  256
370
   -1
100
AcDbLine
 10
15.42221788617887
 20
-55.17173070436419
 11
15.58844227642277
 21
-55.14368517590891
  0
LINE
  5
42E
100
AcDbEntity
  8
40
  6
ByLayer
 62
  256
370
   -1
100
AcDbLine
 10
15.58844227642277
 20
-55.14368517590891
 11
15.75676097560976
 21
-55.12287867184386
  0
LINE
  5
42F
100
AcDbEntity
  8
40
  6
ByLayer
 62
  256
370
   -1
100
AcDbLine
 10
15.75676097560976
 20
-55.12287867184386
 11
16.10077398373985
 21
-55.10685265558371
  0
LINE
  5
430
100
AcDbEntity
  8
40
  6
ByLayer
 62
  256
370
   -1
100
AcDbLine
 10
16.10077398373985
 20
-55.10685265558371
 11
16.45202601626017
 21
-55.117460785665
  0
LINE
  5
431
100
AcDbEntity
  8
40
  6
ByLayer
 62
  256
370
   -1
100
AcDbLine
 10
16.45202601626017
 20
-55.117460785665
 11
16.80878699186993
 21
-55.15065102956744
  0
LINE
  5
432
100
AcDbEntity
  8
40
  6
ByLayer
 62
  256
370
   -1
100
AcDbLine
 10
16.80878699186993
 20
-55.15065102956744
 11
17.17014634146342
 21
-55.20432907834793
  0
LINE
  5
433
100
AcDbEntity
  8
40
  6
ByLayer
 62
  256
370
   -1
100
AcDbLine
 10
17.17014634146342
 20
-55.20432907834793
 11
17.53519349593497
 21
-55.27712907834793
  0
LINE
  5
434
100
AcDbEntity
  8
40
  6
ByLayer
 62
  256
370
   -1
100
AcDbLine
 10
17.53519349593497
 20
-55.27712907834793
 11
17.90324552845529
 21
-55.36818598891704
  0
LINE
  5
435
100
AcDbEntity
  8
40
  6
ByLayer
 62
  256
370
   -1
100
AcDbLine
 10
17.90324552845529
 20
-55.36818598891704
 11
18.27380162601627
 21
-55.47686241168127
  0
LINE
  5
436
100
AcDbEntity
  8
40
  6
ByLayer
 62
  256
370
   -1
100
AcDbLine
 10
18.27380162601627
 20
-55.47686241168127
 11
18.55293658536586
 21
-55.56964940355118
  0
LINE
  5
437
100
AcDbEntity
  8
40
  6
ByLayer
 62
  256
370
   -1
100
AcDbLine
 10
18.55293658536586
 20
-55.56964940355118
 11
18.88880000000001
 21
-57.49413720842924
  0
LINE
  5
438
100
AcDbEntity
  8
40
  6
ByLayer
 62
  256
370
   -1
100
AcDbLine
 10
18.88880000000001
 20
-57.49413720842924
 11
18.65760650406505
 21
-57.67597785883574
  0
LINE
  5
439
100
AcDbEntity
  8
40
  6
ByLayer
 62
  256
370
   -1
100
AcDbLine
 10
18.65760650406505
 20
-57.67597785883574
 11
18.34578211382114
 21
-57.90371119216907
  0
LINE
  5
43A
100
AcDbEntity
  8
40
  6
ByLayer
 62
  256
370
   -1
100
AcDbLine
 10
18.34578211382114
 20
-57.90371119216907
 11
18.03031544715448
 21
-58.11409818403899
  0
LINE
  5
43B
100
AcDbEntity
  8
40
  6
ByLayer
 62
  256
370
   -1
100
AcDbLine
 10
18.03031544715448
 20
-58.11409818403899
 11
17.71152520325204
 21
-58.30627379379509
  0
LINE
  5
43C
100
AcDbEntity
  8
40
  6
ByLayer
 62
  256
370
   -1
100
AcDbLine
 10
17.71152520325204
 20
-58.30627379379509
 11
17.38973008130082
 21
-58.47914533851053
  0
LINE
  5
43D
100
AcDbEntity
  8
40
  6
ByLayer
 62
  256
370
   -1
100
AcDbLine
 10
17.38973008130082
 20
-58.47914533851053
 11
17.06524878048781
 21
-58.63125590761623
  0
LINE
  5
43E
100
AcDbEntity
  8
40
  6
ByLayer
 62
  256
370
   -1
100
AcDbLine
 10
17.06524878048781
 20
-58.63125590761623
 11
16.73840000000001
 21
-58.76019249298208
  0
LINE
  5
43F
100
AcDbEntity
  8
40
  6
ByLayer
 62
  256
370
   -1
100
AcDbLine
 10
16.73840000000001
 20
-58.76019249298208
 11
16.40927479674798
 21
-58.86167541981135
  0
LINE
  5
440
100
AcDbEntity
  8
40
  6
ByLayer
 62
  256
370
   -1
100
AcDbLine
 10
16.40927479674798
 20
-58.86167541981135
 11
16.24386991869919
 21
-58.89909981005525
  0
LINE
  5
441
100
AcDbEntity
  8
40
  6
ByLayer
 62
  256
370
   -1
100
AcDbLine
 10
16.24386991869919
 20
-58.89909981005525
 11
16.07796422764228
 21
-58.9290120051772
  0
LINE
  5
442
100
AcDbEntity
  8
40
  6
ByLayer
 62
  256
370
   -1
100
AcDbLine
 10
16.07796422764228
 20
-58.9290120051772
 11
15.91296910569106
 21
-58.97695346859184
  0
LINE
  5
443
100
AcDbEntity
  8
40
  6
ByLayer
 62
  256
370
   -1
100
AcDbLine
 10
15.91296910569106
 20
-58.97695346859184
 11
15.83106341463415
 21
-59.01342176127476
  0
LINE
  5
444
100
AcDbEntity
  8
40
  6
ByLayer
 62
  256
370
   -1
100
AcDbLine
 10
15.83106341463415
 20
-59.01342176127476
 11
15.74988617886179
 21
-59.06618924094956
  0
LINE
  5
445
100
AcDbEntity
  8
40
  6
ByLayer
 62
  256
370
   -1
100
AcDbLine
 10
15.74988617886179
 20
-59.06618924094956
 11
15.67203252032521
 21
-59.20591607021785
  0
LINE
  5
446
100
AcDbEntity
  8
40
  6
ByLayer
 62
  256
370
   -1
100
AcDbLine
 10
15.67203252032521
 20
-59.20591607021785
 11
15.62668617886179
 21
-61.13013070436419
  0
LINE
  5
447
100
AcDbEntity
  8
40
  6
ByLayer
 62
  256
370
   -1
100
AcDbLine
 10
15.62668617886179
 20
-61.13013070436419
 11
15.69784715447155
 21
-61.27331769623411
  0
LINE
  5
448
100
AcDbEntity
  8
40
  6
ByLayer
 62
  256
370
   -1
100
AcDbLine
 10
15.69784715447155
 20
-61.27331769623411
 11
15.77647479674797
 21
-61.32986403769753
  0
LINE
  5
449
100
AcDbEntity
  8
40
  6
ByLayer
 62
  256
370
   -1
100
AcDbLine
 10
15.77647479674797
 20
-61.32986403769753
 11
15.8565593495935
 21
-61.37015672062436
  0
LINE
  5
44A
100
AcDbEntity
  8
40
  6
ByLayer
 62
  256
370
   -1
100
AcDbLine
 10
15.8565593495935
 20
-61.37015672062436
 11
16.01909593495936
 21
-61.42579249298208
  0
LINE
  5
44B
100
AcDbEntity
  8
40
  6
ByLayer
 62
  256
370
   -1
100
AcDbLine
 10
16.01909593495936
 20
-61.42579249298208
 11
16.18340813008131
 21
-61.46349005395768
  0
LINE
  5
44C
100
AcDbEntity
  8
40
  6
ByLayer
 62
  256
370
   -1
100
AcDbLine
 10
16.18340813008131
 20
-61.46349005395768
 11
16.34690081300814
 21
-61.50869981005525
  0
LINE
  5
44D
100
AcDbEntity
  8
40
  6
ByLayer
 62
  256
370
   -1
100
AcDbLine
 10
16.34690081300814
 20
-61.50869981005525
 11
16.67088130081302
 21
-61.62552582631541
  0
LINE
  5
44E
100
AcDbEntity
  8
40
  6
ByLayer
 62
  256
370
   -1
100
AcDbLine
 10
16.67088130081302
 20
-61.62552582631541
 11
16.9913105691057
 21
-61.76975997265688
  0
LINE
  5
44F
100
AcDbEntity
  8
40
  6
ByLayer
 62
  256
370
   -1
100
AcDbLine
 10
16.9913105691057
 20
-61.76975997265688
 11
17.30823414634147
 21
-61.93694046046176
  0
LINE
  5
450
100
AcDbEntity
  8
40
  6
ByLayer
 62
  256
370
   -1
100
AcDbLine
 10
17.30823414634147
 20
-61.93694046046176
 11
17.62151544715448
 21
-62.12483639542111
  0
LINE
  5
451
100
AcDbEntity
  8
40
  6
ByLayer
 62
  256
370
   -1
100
AcDbLine
 10
17.62151544715448
 20
-62.12483639542111
 11
17.9309268292683
 21
-62.3317632246894
  0
LINE
  5
452
100
AcDbEntity
  8
40
  6
ByLayer
 62
  256
370
   -1
100
AcDbLine
 10
17.9309268292683
 20
-62.3317632246894
 11
18.23614959349594
 21
-62.55676485070565
  0
LINE
  5
453
100
AcDbEntity
  8
40
  6
ByLayer
 62
  256
370
   -1
100
AcDbLine
 10
18.23614959349594
 20
-62.55676485070565
 11
18.53686504065041
 21
-62.79897623281948
  0
LINE
  5
454
100
AcDbEntity
  8
40
  6
ByLayer
 62
  256
370
   -1
100
AcDbLine
 10
18.53686504065041
 20
-62.79897623281948
 11
18.75927154471545
 21
-62.99151607021785
  0
LINE
  5
455
100
AcDbEntity
  8
40
  6
ByLayer
 62
  256
370
   -1
100
AcDbLine
 10
18.75927154471545
 20
-62.99151607021785
 11
18.33307967479675
 21
-64.89802013525851
  0
LINE
  5
456
100
AcDbEntity
  8
40
  6
ByLayer
 62
  256
370
   -1
100
AcDbLine
 10
18.33307967479675
 20
-64.89802013525851
 11
18.04989268292683
 21
-64.97755834664062
  0
LINE
  5
457
100
AcDbEntity
  8
40
  6
ByLayer
 62
  256
370
   -1
100
AcDbLine
 10
18.04989268292683
 20
-64.97755834664062
 11
17.67464715447155
 21
-65.068660785665
  0
LINE
  5
458
100
AcDbEntity
  8
40
  6
ByLayer
 62
  256
370
   -1
100
AcDbLine
 10
17.67464715447155
 20
-65.068660785665
 11
17.30267967479675
 21
-65.14228029786013
  0
LINE
  5
459
100
AcDbEntity
  8
40
  6
ByLayer
 62
  256
370
   -1
100
AcDbLine
 10
17.30267967479675
 20
-65.14228029786013
 11
16.93462764227643
 21
-65.19777948485199
  0
LINE
  5
45A
100
AcDbEntity
  8
40
  6
ByLayer
 62
  256
370
   -1
100
AcDbLine
 10
16.93462764227643
 20
-65.19777948485199
 11
16.57117398373984
 21
-65.23438436290078
  0
LINE
  5
45B
100
AcDbEntity
  8
40
  6
ByLayer
 62
  256
370
   -1
100
AcDbLine
 10
16.57117398373984
 20
-65.23438436290078
 11
16.21318373983741
 21
-65.25077460680322
  0
LINE
  5
45C
100
AcDbEntity
  8
40
  6
ByLayer
 62
  256
370
   -1
100
AcDbLine
 10
16.21318373983741
 20
-65.25077460680322
 11
15.86188617886179
 21
-65.24481037916094
  0
LINE
  5
45D
100
AcDbEntity
  8
40
  6
ByLayer
 62
  256
370
   -1
100
AcDbLine
 10
15.86188617886179
 20
-65.24481037916094
 11
15.51896585365854
 21
-65.21257623281947
  0
LINE
  5
45E
100
AcDbEntity
  8
40
  6
ByLayer
 62
  256
370
   -1
100
AcDbLine
 10
15.51896585365854
 20
-65.21257623281947
 11
15.35183089430895
 21
-65.18384777753492
  0
LINE
  5
45F
100
AcDbEntity
  8
40
  6
ByLayer
 62
  256
370
   -1
100
AcDbLine
 10
15.35183089430895
 20
-65.18384777753492
 11
15.18710894308944
 21
-65.14801688322598
  0
LINE
  5
460
100
AcDbEntity
  8
40
  6
ByLayer
 62
  256
370
   -1
100
AcDbLine
 10
15.18710894308944
 20
-65.14801688322598
 11
15.01633170731708
 21
-65.12916810273818
  0
LINE
  5
461
100
AcDbEntity
  8
40
  6
ByLayer
 62
  256
370
   -1
100
AcDbLine
 10
15.01633170731708
 20
-65.12916810273818
 11
14.92673170731708
 21
-65.13149005395769
  0
LINE
  5
462
100
AcDbEntity
  8
40
  6
ByLayer
 62
  256
370
   -1
100
AcDbLine
 10
14.92673170731708
 20
-65.13149005395769
 11
14.83148617886179
 21
-65.14920062306338
  0
LINE
  5
463
100
AcDbEntity
  8
40
  6
ByLayer
 62
  256
370
   -1
100
AcDbLine
 10
14.83148617886179
 20
-65.14920062306338
 11
14.70614634146342
 21
-65.24849818403899
  0
LINE
  5
464
100
AcDbEntity
  8
40
  6
ByLayer
 62
  256
370
   -1
100
AcDbLine
 10
14.70614634146342
 20
-65.24849818403899
 11
13.92788292682927
 21
-67.00885590761622
  0
LINE
  5
465
100
AcDbEntity
  8
40
  6
ByLayer
 62
  256
370
   -1
100
AcDbLine
 10
13.92788292682927
 20
-67.00885590761622
 11
13.93880975609757
 21
-67.16843314338858
  0
LINE
  5
466
100
AcDbEntity
  8
40
  6
ByLayer
 62
  256
370
   -1
100
AcDbLine
 10
13.93880975609757
 20
-67.16843314338858
 11
13.98980162601626
 21
-67.25074859054305
  0
LINE
  5
467
100
AcDbEntity
  8
40
  6
ByLayer
 62
  256
370
   -1
100
AcDbLine
 10
13.98980162601626
 20
-67.25074859054305
 11
14.04839674796749
 21
-67.31863151737232
  0
LINE
  5
468
100
AcDbEntity
  8
40
  6
ByLayer
 62
  256
370
   -1
100
AcDbLine
 10
14.04839674796749
 20
-67.31863151737232
 11
14.17724227642277
 21
-67.43222501330729
  0
LINE
  5
469
100
AcDbEntity
  8
40
  6
ByLayer
 62
  256
370
   -1
100
AcDbLine
 10
14.17724227642277
 20
-67.43222501330729
 11
14.31464715447155
 21
-67.52992907834793
  0
LINE
  5
46A
100
AcDbEntity
  8
40
  6
ByLayer
 62
  256
370
   -1
100
AcDbLine
 10
14.31464715447155
 20
-67.52992907834793
 11
14.44840975609757
 21
-67.63423476940484
  0
LINE
  5
46B
100
AcDbEntity
  8
40
  6
ByLayer
 62
  256
370
   -1
100
AcDbLine
 10
14.44840975609757
 20
-67.63423476940484
 11
14.7029593495935
 21
-67.86615672062436
  0
LINE
  5
46C
100
AcDbEntity
  8
40
  6
ByLayer
 62
  256
370
   -1
100
AcDbLine
 10
14.7029593495935
 20
-67.86615672062436
 11
14.94380487804879
 21
-68.12202663932354
  0
LINE
  5
46D
100
AcDbEntity
  8
40
  6
ByLayer
 62
  256
370
   -1
100
AcDbLine
 10
14.94380487804879
 20
-68.12202663932354
 11
15.17263089430895
 21
-68.39779249298208
  0
LINE
  5
46E
100
AcDbEntity
  8
40
  6
ByLayer
 62
  256
370
   -1
100
AcDbLine
 10
15.17263089430895
 20
-68.39779249298208
 11
15.39016585365854
 21
-68.69126891574631
  0
LINE
  5
46F
100
AcDbEntity
  8
40
  6
ByLayer
 62
  256
370
   -1
100
AcDbLine
 10
15.39016585365854
 20
-68.69126891574631
 11
15.59681951219513
 21
-69.00086241168127
  0
LINE
  5
470
100
AcDbEntity
  8
40
  6
ByLayer
 62
  256
370
   -1
100
AcDbLine
 10
15.59681951219513
 20
-69.00086241168127
 11
15.79272845528456
 21
-69.32552582631541
  0
LINE
  5
471
100
AcDbEntity
  8
40
  6
ByLayer
 62
  256
370
   -1
100
AcDbLine
 10
15.79272845528456
 20
-69.32552582631541
 11
15.97784715447155
 21
-69.66439411899835
  0
LINE
  5
472
100
AcDbEntity
  8
40
  6
ByLayer
 62
  256
370
   -1
100
AcDbLine
 10
15.97784715447155
 20
-69.66439411899835
 11
16.10965203252033
 21
-69.92736647672191
  0
LINE
  5
473
100
AcDbEntity
  8
40
  6
ByLayer
 62
  256
370
   -1
100
AcDbLine
 10
16.10965203252033
 20
-69.92736647672191
 11
14.98632845528456
 21
-71.52564289948614
  0
LINE
  5
474
100
AcDbEntity
  8
40
  6
ByLayer
 62
  256
370
   -1
100
AcDbLine
 10
14.98632845528456
 20
-71.52564289948614
 11
14.69426341463415
 21
-71.49076810273817
  0
LINE
  5
475
100
AcDbEntity
  8
40
  6
ByLayer
 62
  256
370
   -1
100
AcDbLine
 10
14.69426341463415
 20
-71.49076810273817
 11
14.3127349593496
 21
-71.43130794013655
  0
LINE
  5
476
100
AcDbEntity
  8
40
  6
ByLayer
 62
  256
370
   -1
100
AcDbLine
 10
14.3127349593496
 20
-71.43130794013655
 11
13.94090406504066
 21
-71.35700550111216
  0
LINE
  5
477
100
AcDbEntity
  8
40
  6
ByLayer
 62
  256
370
   -1
100
AcDbLine
 10
13.94090406504066
 20
-71.35700550111216
 11
13.57959024390244
 21
-71.26745102956744
  0
LINE
  5
478
100
AcDbEntity
  8
40
  6
ByLayer
 62
  256
370
   -1
100
AcDbLine
 10
13.57959024390244
 20
-71.26745102956744
 11
13.22979512195123
 21
-71.16218924094956
  0
LINE
  5
479
100
AcDbEntity
  8
40
  6
ByLayer
 62
  256
370
   -1
100
AcDbLine
 10
13.22979512195123
 20
-71.16218924094956
 11
12.89283902439025
 21
-71.04030956615281
  0
LINE
  5
47A
100
AcDbEntity
  8
40
  6
ByLayer
 62
  256
370
   -1
100
AcDbLine
 10
12.89283902439025
 20
-71.04030956615281
 11
12.57049756097562
 21
-70.9003550946081
  0
LINE
  5
47B
100
AcDbEntity
  8
40
  6
ByLayer
 62
  256
370
   -1
100
AcDbLine
 10
12.57049756097562
 20
-70.9003550946081
 11
12.26604878048781
 21
-70.73936647672191
  0
LINE
  5
47C
100
AcDbEntity
  8
40
  6
ByLayer
 62
  256
370
   -1
100
AcDbLine
 10
12.26604878048781
 20
-70.73936647672191
 11
12.12258861788619
 21
-70.64885590761622
  0
LINE
  5
47D
100
AcDbEntity
  8
40
  6
ByLayer
 62
  256
370
   -1
100
AcDbLine
 10
12.12258861788619
 20
-70.64885590761622
 11
11.98413658536586
 21
-70.55269981005524
  0
LINE
  5
47E
100
AcDbEntity
  8
40
  6
ByLayer
 62
  256
370
   -1
100
AcDbLine
 10
11.98413658536586
 20
-70.55269981005524
 11
11.83361951219513
 21
-70.46992907834793
  0
LINE
  5
47F
100
AcDbEntity
  8
40
  6
ByLayer
 62
  256
370
   -1
100
AcDbLine
 10
11.83361951219513
 20
-70.46992907834793
 11
11.74989268292683
 21
-70.43783151737233
  0
LINE
  5
480
100
AcDbEntity
  8
40
  6
ByLayer
 62
  256
370
   -1
100
AcDbLine
 10
11.74989268292683
 20
-70.43783151737233
 11
11.65514796747968
 21
-70.41770794013655
  0
LINE
  5
481
100
AcDbEntity
  8
40
  6
ByLayer
 62
  256
370
   -1
100
AcDbLine
 10
11.65514796747968
 20
-70.41770794013655
 11
11.50135284552846
 21
-70.46146078566501
  0
LINE
  5
482
100
AcDbEntity
  8
40
  6
ByLayer
 62
  256
370
   -1
100
AcDbLine
 10
11.50135284552846
 20
-70.46146078566501
 11
10.10863739837399
 21
-71.79002663932354
  0
LINE
  5
483
100
AcDbEntity
  8
40
  6
ByLayer
 62
  256
370
   -1
100
AcDbLine
 10
10.10863739837399
 20
-71.79002663932354
 11
10.05769105691058
 21
-71.9416363954211
  0
LINE
  5
484
100
AcDbEntity
  8
40
  6
ByLayer
 62
  256
370
   -1
100
AcDbLine
 10
10.05769105691058
 20
-71.9416363954211
 11
10.07330731707318
 21
-72.03720062306338
  0
LINE
  5
485
100
AcDbEntity
  8
40
  6
ByLayer
 62
  256
370
   -1
100
AcDbLine
 10
10.07330731707318
 20
-72.03720062306338
 11
10.10144390243903
 21
-72.12233883444549
  0
LINE
  5
486
100
AcDbEntity
  8
40
  6
ByLayer
 62
  256
370
   -1
100
AcDbLine
 10
10.10144390243903
 20
-72.12233883444549
 11
10.17706666666667
 21
-72.27658924094956
  0
LINE
  5
487
100
AcDbEntity
  8
40
  6
ByLayer
 62
  256
370
   -1
100
AcDbLine
 10
10.17706666666667
 20
-72.27658924094956
 11
10.2665756097561
 21
-72.41945753363248
  0
LINE
  5
488
100
AcDbEntity
  8
40
  6
ByLayer
 62
  256
370
   -1
100
AcDbLine
 10
10.2665756097561
 20
-72.41945753363248
 11
10.35021138211382
 21
-72.56696972875443
  0
LINE
  5
489
100
AcDbEntity
  8
40
  6
ByLayer
 62
  256
370
   -1
100
AcDbLine
 10
10.35021138211382
 20
-72.56696972875443
 11
10.49667642276423
 21
-72.87870306208777
  0
LINE
  5
48A
100
AcDbEntity
  8
40
  6
ByLayer
 62
  256
370
   -1
100
AcDbLine
 10
10.49667642276423
 20
-72.87870306208777
 11
10.62128780487805
 21
-73.20723639542111
  0
LINE
  5
48B
100
AcDbEntity
  8
40
  6
ByLayer
 62
  256
370
   -1
100
AcDbLine
 10
10.62128780487805
 20
-73.20723639542111
 11
10.72714146341464
 21
-73.54956485070565
  0
LINE
  5
48C
100
AcDbEntity
  8
40
  6
ByLayer
 62
  256
370
   -1
100
AcDbLine
 10
10.72714146341464
 20
-73.54956485070565
 11
10.81583089430895
 21
-73.90395834664062
  0
LINE
  5
48D
100
AcDbEntity
  8
40
  6
ByLayer
 62
  256
370
   -1
100
AcDbLine
 10
10.81583089430895
 20
-73.90395834664062
 11
10.88826666666667
 21
-74.26905102956745
  0
LINE
  5
48E
100
AcDbEntity
  8
40
  6
ByLayer
 62
  256
370
   -1
100
AcDbLine
 10
10.88826666666667
 20
-74.26905102956745
 11
10.94499512195122
 21
-74.64397785883574
  0
LINE
  5
48F
100
AcDbEntity
  8
40
  6
ByLayer
 62
  256
370
   -1
100
AcDbLine
 10
10.94499512195122
 20
-74.64397785883574
 11
10.98638048780488
 21
-75.0278737937951
  0
LINE
  5
490
100
AcDbEntity
  8
40
  6
ByLayer
 62
  256
370
   -1
100
AcDbLine
 10
10.98638048780488
 20
-75.0278737937951
 11
11.00750569105691
 21
-75.32130468810404
  0
LINE
  5
491
100
AcDbEntity
  8
40
  6
ByLayer
 62
  256
370
   -1
100
AcDbLine
 10
11.00750569105691
 20
-75.32130468810404
 11
9.358055284552849
 21
-76.36804940355118
  0
LINE
  5
492
100
AcDbEntity
  8
40
  6
ByLayer
 62
  256
370
   -1
100
AcDbLine
 10
9.358055284552849
 20
-76.36804940355118
 11
9.101547967479679
 21
-76.22404289948614
  0
LINE
  5
493
100
AcDbEntity
  8
40
  6
ByLayer
 62
  256
370
   -1
100
AcDbLine
 10
9.101547967479679
 20
-76.22404289948614
 11
8.771830894308948
 21
-76.02312582631541
  0
LINE
  5
494
100
AcDbEntity
  8
40
  6
ByLayer
 62
  256
370
   -1
100
AcDbLine
 10
8.771830894308948
 20
-76.02312582631541
 11
8.456728455284557
 21
-75.81214696452679
  0
LINE
  5
495
100
AcDbEntity
  8
40
  6
ByLayer
 62
  256
370
   -1
100
AcDbLine
 10
8.456728455284557
 20
-75.81214696452679
 11
8.157196747967483
 21
-75.59115184257557
  0
LINE
  5
496
100
AcDbEntity
  8
40
  6
ByLayer
 62
  256
370
   -1
100
AcDbLine
 10
8.157196747967483
 20
-75.59115184257557
 11
7.87432845528456
 21
-75.36004940355119
  0
LINE
  5
497
100
AcDbEntity
  8
40
  6
ByLayer
 62
  256
370
   -1
100
AcDbLine
 10
7.87432845528456
 20
-75.36004940355119
 11
7.609626016260171
 21
-75.11847541981135
  0
LINE
  5
498
100
AcDbEntity
  8
40
  6
ByLayer
 62
  256
370
   -1
100
AcDbLine
 10
7.609626016260171
 20
-75.11847541981135
 11
7.365411382113829
 21
-74.86588354989264
  0
LINE
  5
499
100
AcDbEntity
  8
40
  6
ByLayer
 62
  256
370
   -1
100
AcDbLine
 10
7.365411382113829
 20
-74.86588354989264
 11
7.145736585365861
 21
-74.60063476940485
  0
LINE
  5
49A
100
AcDbEntity
  8
40
  6
ByLayer
 62
  256
370
   -1
100
AcDbLine
 10
7.145736585365861
 20
-74.60063476940485
 11
7.047850406504072
 21
-74.46209167997395
  0
LINE
  5
49B
100
AcDbEntity
  8
40
  6
ByLayer
 62
  256
370
   -1
100
AcDbLine
 10
7.047850406504072
 20
-74.46209167997395
 11
6.956702439024396
 21
-74.32027054176257
  0
LINE
  5
49C
100
AcDbEntity
  8
40
  6
ByLayer
 62
  256
370
   -1
100
AcDbLine
 10
6.956702439024396
 20
-74.32027054176257
 11
6.849300813008137
 21
-74.18618924094956
  0
LINE
  5
49D
100
AcDbEntity
  8
40
  6
ByLayer
 62
  256
370
   -1
100
AcDbLine
 10
6.849300813008137
 20
-74.18618924094956
 11
6.784286178861795
 21
-74.12449818403898
  0
LINE
  5
49E
100
AcDbEntity
  8
40
  6
ByLayer
 62
  256
370
   -1
100
AcDbLine
 10
6.784286178861795
 20
-74.12449818403898
 11
6.70442926829269
 21
-74.06968192387639
  0
LINE
  5
49F
100
AcDbEntity
  8
40
  6
ByLayer
 62
  256
370
   -1
100
AcDbLine
 10
6.70442926829269
 20
-74.06968192387639
 11
6.545580487804884
 21
-74.05124289948614
  0
LINE
  5
4A0
100
AcDbEntity
  8
40
  6
ByLayer
 62
  256
370
   -1
100
AcDbLine
 10
6.545580487804884
 20
-74.05124289948614
 11
4.750484552845536
 21
-74.74568842794143
  0
LINE
  5
4A1
100
AcDbEntity
  8
1
  6
ByLayer
 62
  256
370
   -1
100
AcDbLine
 10
-53.25515095460166
 20
-42.26779962499634
 11
-16.57620628688475
 21
-42.26779962499639
  0
ARC
  5
4A2
100
AcDbEntity
  8
1
  6
ByLayer
 62
  256
370
   -1
100
AcDbCircle
 10
-16.57620628688472
 20
-22.26779962499639
 40
20
100
AcDbArc
 50
269.9999999999999
 51
293.8289772807938
  0
ARC
  5
4A3
100
AcDbEntity
  8
1
  6
ByLayer
 62
  256
370
   -1
100
AcDbCircle
 10
-6.309908046109314e-05
 20
-59.79952680522044
 40
21.02924649702158
100
AcDbArc
 50
66.17102271920609
 51
113.8289772807938
  0
LINE
  5
4A4
100
AcDbEntity
  8
1
  6
ByLayer
 62
  256
370
   -1
100
AcDbLine
 10
16.57608008872387
 20
-42.26779962499644
 11
53.25515102890153
 21
-42.26779962499649
  0
ARC
  5
4A5
100
AcDbEntity
  8
1
  6
ByLayer
 62
  256
370
   -1
100
AcDbCircle
 10
16.5760800887239
 20
-22.26779962499644
 40
20
100
AcDbArc
 50
246.1710227192061
 51
269.9999999999999
  0
LINE
  5
4A6
100
AcDbEntity
  8
12
  6
ByLayer
 62
  256
370
   -1
100
AcDbLine
 10
-83.2813788617886
 20
10.96422043141763
 11
-76.92546991869918
 21
0.5056057972712931
  0
LINE
  5
4A7
100
AcDbEntity
  8
12
  6
ByLayer
 62
  256
370
   -1
100
AcDbLine
 10
83.28137886178862
 20
10.96422043141762
 11
75.42794796747968
 21
2.312675715970463
  0
CIRCLE
  5
4A8
100
AcDbEntity
  8
40
  6
ByLayer
 62
  256
370
   -1
100
AcDbCircle
 10
3.257686993591962e-15
 20
-59.79920663098534
 40
2.9
  0
LINE
  5
4A9
100
AcDbEntity
  8
ref
  6
ByLayer
 62
  256
370
   -1
100
AcDbLine
 10
2.204364238465236e-14
 20
120
 11
-6.429395695523604e-15
 21
-65
  0
LINE
  5
4AA
100
AcDbEntity
  8
ref
  6
ByLayer
 62
  256
370
   -1
100
AcDbLine
 10
3.257686993591962e-15
 20
-59.79920663098534
 11
-4.999999999999995
 21
-51.13895259314095
  0
LINE
  5
4AB
100
AcDbEntity
  8
ref
  6
ByLayer
 62
  256
370
   -1
100
AcDbLine
 10
3.257686993591962e-15
 20
-59.79920663098534
 11
5.000000000000004
 21
-51.13895259314096
  0
CIRCLE
  5
4AC
100
AcDbEntity
  8
0
  6
ByLayer
 62
  256
370
   -1
100
AcDbCircle
 10
-5.628950356912353e-15
 20
-59.79920663098532
 40
3.7
  0
CIRCLE
  5
4AD
100
AcDbEntity
  8
ref
  6
ByLayer
 62
  256
370
   -1
100
AcDbCircle
 10
-5.628950356912356e-15
 20
-59.79920663098535
 40
7.5
  0
LINE
  5
4AE
100
AcDbEntity
  8
ref
  6
ByLayer
 62
  256
370
   -1
100
AcDbLine
 10
-5.628950356912356e-15
 20
-59.79920663098535
 11
-20.00000000000001
 21
-59.79920663098535
  0
CIRCLE
  5
4AF
100
AcDbEntity
  8
0
  6
ByLayer
 62
  256
370
   -1
100
AcDbCircle
 10
-5.943162628696541e-15
 20
-52.29920663098535
 40
1.65
  0
LINE
  5
4B0
100
AcDbEntity
  8
51
  6
ByLayer
 62
  256
370
   -1
100
AcDbLine
 10
6.278684177437186
 20
-3.624999999999993
 11
-6.278684177437179
 21
-3.624999999999993
  0
LINE
  5
4B1
100
AcDbEntity
  8
50
  6
ByLayer
 62
  256
370
   -1
100
AcDbLine
 10
-4.463392767839281
 20
-3.624999999999995
 11
4.463392767839286
 21
-3.624999999999996
  0
ARC
  5
4B2
100
AcDbEntity
  8
50
  6
ByLayer
 62
  256
370
   -1
100
AcDbCircle
 10
3.574644711024709e-15
 20
2.063822086167385e-15
 40
5.75
100
AcDbArc
 50
320.9177927026407
 51
75.01056509214661
  0
ARC
  5
4B3
100
AcDbEntity
  8
50
  6
ByLayer
 62
  256
370
   -1
100
AcDbCircle
 10
3.574644711024709e-15
 20
2.063822086167385e-15
 40
5.75
100
AcDbArc
 50
104.9894349078534
 51
219.0822072973593
  0
ARC
  5
4B4
100
AcDbEntity
  8
51
  6
ByLayer
 62
  256
370
   -1
100
AcDbCircle
 10
3.574644711024709e-15
 20
2.063822086167385e-15
 40
7.25
100
AcDbArc
 50
330.0000000000001
 51
48.77904147226969
  0
ARC
  5
4B5
100
AcDbEntity
  8
51
  6
ByLayer
 62
  256
370
   -1
100
AcDbCircle
 10
4.118529036831137
 20
4.70108695652174
 40
1
100
AcDbArc
 50
48.77904147226975
 51
165.7115854218447
  0
ARC
  5
4B6
100
AcDbEntity
  8
51
  6
ByLayer
 62
  256
370
   -1
100
AcDbCircle
 10
5.335074484799029e-15
 20
5.750000000000002
 40
3.25
100
AcDbArc
 50
194.2884145781552
 51
345.7115854218448
  0
ARC
  5
4B7
100
AcDbEntity
  8
51
  6
ByLayer
 62
  256
370
   -1
100
AcDbCircle
 10
3.574644711024709e-15
 20
2.063822086167385e-15
 40
7.25
100
AcDbArc
 50
131.2209585277303
 51
209.9999999999999
  0
ARC
  5
4B8
100
AcDbEntity
  8
51
  6
ByLayer
 62
  256
370
   -1
100
AcDbCircle
 10
-4.118529036831126
 20
4.701086956521742
 40
1
100
AcDbArc
 50
14.28841457815522
 51
131.2209585277303
  0
ARC
  5
4B9
100
AcDbEntity
  8
50
  6
ByLayer
 62
  256
370
   -1
100
AcDbCircle
 10
4.572947923109361e-15
 20
4.750000000000003
 40
1.5
100
AcDbArc
 50
187.4947174539267
 51
352.5052825460733
  0
LINE
  5
4BA
100
AcDbEntity
  8
50
  6
ByLayer
 62
  256
370
   -1
100
AcDbLine
 10
1.487185337085837
 20
4.554347826086958
 11
1.487185337085838
 21
5.554347826086958
  0
LINE
  5
4BB
100
AcDbEntity
  8
50
  6
ByLayer
 62
  256
370
   -1
100
AcDbLine
 10
-1.487185337085827
 20
4.554347826086959
 11
-1.487185337085828
 21
5.554347826086959
  0
LINE
  5
4BC
100
AcDbEntity
  8
ref2
  6
ByLayer
 62
  256
370
   -1
100
AcDbLine
 10
160
 20
-1.959434878635766e-14
 11
-145
 21
1.224646799147353e-14
  0
LINE
  5
4BD
100
AcDbEntity
  8
ref2
  6
ByLayer
 62
  256
370
   -1
100
AcDbLine
 10
2.204364238465236e-14
 20
120
 11
-6.429395695523604e-15
 21
-65
  0
ARC
  5
4BE
100
AcDbEntity
  8
60
  6
ByLayer
 62
  256
370
   -1
100
AcDbCircle
 10
-58.69933924823165
 20
54.9189609884423
 40
6
100
AcDbArc
 50
9.410043470124776
 51
45
  0
ARC
  5
4BF
100
AcDbEntity
  8
60
  6
ByLayer
 62
  256
370
   -1
100
AcDbCircle
 10
58.69933924823171
 20
54.91896098844222
 40
6
100
AcDbArc
 50
134.9999999999999
 51
170.5899565298755
  0
LINE
  5
4C0
100
AcDbEntity
  8
60
  6
ByLayer
 62
  256
370
   -1
100
AcDbLine
 10
54.45669856111243
 20
59.1616016755615
 11
62.22041687221586
 21
66.92531998666492
  0
LINE
  5
4C1
100
AcDbEntity
  8
60
  6
ByLayer
 62
  256
370
   -1
100
AcDbLine
 10
-54.45669856111236
 20
59.16160167556158
 11
-62.22041687221581
 21
66.92531998666503
  0
ARC
  5
4C2
100
AcDbEntity
  8
60
  6
ByLayer
 62
  256
370
   -1
100
AcDbCircle
 10
2.827864655791661e-14
 20
64.64714539361302
 40
53.5
100
AcDbArc
 50
302.9563535910314
 51
350.5899565298753
  0
ARC
  5
4C3
100
AcDbEntity
  8
60
  6
ByLayer
 62
  256
370
   -1
100
AcDbCircle
 10
34
 20
12.20431938280386
 40
9
100
AcDbArc
 50
122.9563535910314
 51
180
  0
ARC
  5
4C4
100
AcDbEntity
  8
60
  6
ByLayer
 62
  256
370
   -1
100
AcDbCircle
 10
2.827864655791661e-14
 20
64.64714539361302
 40
53.5
100
AcDbArc
 50
189.4100434701246
 51
237.0436464089686
  0
ARC
  5
4C5
100
AcDbEntity
  8
60
  6
ByLayer
 62
  256
370
   -1
100
AcDbCircle
 10
-33.99999999999999
 20
12.20431938280389
 40
9
100
AcDbArc
 50
0
 51
57.04364640896873
  0
ARC
  5
4C6
100
AcDbEntity
  8
60
  6
ByLayer
 62
  256
370
   -1
100
AcDbCircle
 10
2.827864655791661e-14
 20
64.64714539361302
 40
49.5
100
AcDbArc
 50
189.4100434701246
 51
350.5899565298753
  0
ARC
  5
4C7
100
AcDbEntity
  8
60
  6
ByLayer
 62
  256
370
   -1
100
AcDbCircle
 10
58.6993392482317
 20
54.9189609884422
 40
10
100
AcDbArc
 50
135
 51
170.5899565298753
  0
LINE
  5
4C8
100
AcDbEntity
  8
60
  6
ByLayer
 62
  256
370
   -1
100
AcDbLine
 10
51.62827143636623
 20
61.99002880030768
 11
59.39198974746967
 21
69.75374711141112
  0
ARC
  5
4C9
100
AcDbEntity
  8
60
  6
ByLayer
 62
  256
370
   -1
100
AcDbCircle
 10
-58.69933924823166
 20
54.91896098844231
 40
10
100
AcDbArc
 50
9.410043470124624
 51
45
  0
LINE
  5
4CA
100
AcDbEntity
  8
60
  6
ByLayer
 62
  256
370
   -1
100
AcDbLine
 10
-51.62827143636618
 20
61.99002880030779
 11
-59.39198974746962
 21
69.75374711141123
  0
ARC
  5
4CB
100
AcDbEntity
  8
60
  6
ByLayer
 62
  256
370
   -1
100
AcDbCircle
 10
-60.80620330984272
 20
68.33953354903812
 40
2.000000000000004
100
AcDbArc
 50
44.99999999999984
 51
225
  0
ARC
  5
4CC
100
AcDbEntity
  8
60
  6
ByLayer
 62
  256
370
   -1
100
AcDbCircle
 10
60.80620330984276
 20
68.33953354903801
 40
2.000000000000001
100
AcDbArc
 50
314.9999690819441
 51
494.9999999999998
  0
LINE
  5
4CD
100
AcDbEntity
  8
ref2
  6
ByLayer
 62
  256
370
   -1
100
AcDbLine
 10
-62.22041687221581
 20
69.75374711141122
 11
62.2204172537861
 21
69.75374672984077
  0
LINE
  5
4CE
100
AcDbEntity
  8
ref2
  6
ByLayer
 62
  256
370
   -1
100
AcDbLine
 10
-62.22041691821001
 20
54.75374711141122
 11
62.2204172077919
 21
54.75374672984077
  0
LINE
  5
4CF
100
AcDbEntity
  8
ref2
  6
ByLayer
 62
  256
370
   -1
100
AcDbLine
 10
-62.22041690901117
 20
57.75374711141122
 11
62.22041721699074
 21
57.75374672984077
  0
LINE
  5
4D0
100
AcDbEntity
  8
ref2
  6
ByLayer
 62
  256
370
   -1
100
AcDbLine
 10
-15.99999999999998
 20
120
 11
-16.00000000000001
 21
-65
  0
LINE
  5
4D1
100
AcDbEntity
  8
ref2
  6
ByLayer
 62
  256
370
   -1
100
AcDbLine
 10
16.00000000000002
 20
120
 11
15.99999999999999
 21
-65
  0
LINE
  5
4D2
100
AcDbEntity
  8
62
  6
ByLayer
 62
  256
370
   -1
100
AcDbLine
 10
16.00000000000001
 20
57.7537468715657
 11
-15.99999999999999
 21
57.75374696968665
  0
LINE
  5
4D3
100
AcDbEntity
  8
62
  6
ByLayer
 62
  256
370
   -1
100
AcDbLine
 10
-15.99999999999999
 20
54.75374696968631
 11
16.00000000000001
 21
54.75374687156534
  0
ARC
  5
4D4
100
AcDbEntity
  8
62
  6
ByLayer
 62
  256
370
   -1
100
AcDbCircle
 10
16.00000000000001
 20
56.25374687156551
 40
1.500000000000004
100
AcDbArc
 50
270
 51
450
  0
ARC
  5
4D5
100
AcDbEntity
  8
62
  6
ByLayer
 62
  256
370
   -1
100
AcDbCircle
 10
-15.99999999999999
 20
56.25374696968647
 40
1.5
100
AcDbArc
 50
90.00000000000014
 51
270
  0
CIRCLE
  5
4D6
100
AcDbEntity
  8
63
  6
ByLayer
 62
  256
370
   -1
100
AcDbCircle
 10
-15
 20
15
 40
3.5
  0
CIRCLE
  5
4D7
100
AcDbEntity
  8
63
  6
ByLayer
 62
  256
370
   -1
100
AcDbCircle
 10
15
 20
15
 40
3.5
  0
CIRCLE
  5
4D8
100
AcDbEntity
  8
63
  6
ByLayer
 62
  256
370
   -1
100
AcDbCircle
 10
15
 20
-15
 40
3.5
  0
CIRCLE
  5
4D9
100
AcDbEntity
  8
63
  6
ByLayer
 62
  256
370
   -1
100
AcDbCircle
 10
-15
 20
-15
 40
3.5
  0
CIRCLE
  5
4DA
100
AcDbEntity
  8
61
  6
ByLayer
 62
  256
370
   -1
100
AcDbCircle
 10
15
 20
15
 40
1.85
  0
CIRCLE
  5
4DB
100
AcDbEntity
  8
61
  6
ByLayer
 62
  256
370
   -1
100
AcDbCircle
 10
15
 20
-15
 40
1.85
  0
CIRCLE
  5
4DC
100
AcDbEntity
  8
61
  6
ByLayer
 62
  256
370
   -1
100
AcDbCircle
 10
-15
 20
-15
 40
1.85
  0
CIRCLE
  5
4DD
100
AcDbEntity
  8
61
  6
ByLayer
 62
  256
370
   -1
100
AcDbCircle
 10
-15
 20
15
 40
1.85
  0
LINE
  5
4DE
100
AcDbEntity
  8
60
  6
ByLayer
 62
  256
370
   -1
100
AcDbLine
 10
25.00000000000001
 20
7.999999999999996
 11
-24.99999999999999
 21
8
  0
LINE
  5
4DF
100
AcDbEntity
  8
60
  6
ByLayer
 62
  256
370
   -1
100
AcDbLine
 10
25.00000000000001
 20
12.20431938280387
 11
25.00000000000001
 21
7.999999999999996
  0
LINE
  5
4E0
100
AcDbEntity
  8
60
  6
ByLayer
 62
  256
370
   -1
100
AcDbLine
 10
-24.99999999999999
 20
12.20431938280389
 11
-24.99999999999999
 21
8
  0
ARC
  5
4E1
100
AcDbEntity
  8
100
  6
ByLayer
 62
  256
370
   -1
100
AcDbCircle
 10
5.329070518200751e-15
 20
5.249999999999996
 40
9.25
100
AcDbArc
 50
207.3522329091286
 51
332.6477670908712
  0
LINE
  5
4E2
100
AcDbEntity
  8
100
  6
ByLayer
 62
  256
370
   -1
100
AcDbLine
 10
-8.215838362577491
 20
1.000000000000004
 11
8.21583836257749
 21
0.9999999999999798
  0
ARC
  5
4E3
100
AcDbEntity
  8
100
  6
ByLayer
 62
  256
370
   -1
100
AcDbCircle
 10
5.329070518200751e-15
 20
5.249999999999996
 40
6.749999999999999
100
AcDbArc
 50
231.0575587310186
 51
308.9424412689814
  0
LINE
  5
4E4
100
AcDbEntity
  8
100
  6
ByLayer
 62
  256
370
   -1
100
AcDbLine
 10
-4.242640687119281
 20
-2.179246366695864e-15
 11
4.242640687119289
 21
-3.473350079774562e-15
  0
ENDSEC
  0
SECTION
  2
OBJECTS
  0
DICTIONARY
  5
C
330
0
100
AcDbDictionary
281
    1
  3
ACAD_GROUP
350
D
  0
DICTIONARY
  5
D
330
C
100
AcDbDictionary
281
    1
  0
ENDSEC
  0
EOF
